noise,budget,transfer,prevalence,level,mean,std,count
0.0,40,0.0,0.25,capability,0.5072222222222222,0.035302921922927236,6
0.0,40,0.0,0.25,failure,0.5155555555555555,0.05127991448539698,6
0.0,40,0.0,0.25,family,0.505,0.04838502982443137,6
0.0,40,0.0,0.25,global,0.4388888888888889,0.03436190828142032,6
0.0,40,0.0,0.5,capability,0.5661111111111111,0.045724618541227224,6
0.0,40,0.0,0.5,failure,0.6266666666666666,0.04082482904638627,6
0.0,40,0.0,0.5,family,0.5805555555555556,0.062375802525825204,6
0.0,40,0.0,0.5,global,0.46277777777777773,0.07552532074790598,6
0.0,40,0.0,0.75,capability,0.5788888888888889,0.03667676628582711,6
0.0,40,0.0,0.75,failure,0.7138888888888889,0.020156792807793006,6
0.0,40,0.0,0.75,family,0.6461111111111112,0.061695188599244104,6
0.0,40,0.0,0.75,global,0.445,0.06277826941793725,6
0.0,40,0.0,1.0,capability,0.6261111111111112,0.06201851575373515,6
0.0,40,0.0,1.0,failure,0.8094444444444444,0.0187873085609132,6
0.0,40,0.0,1.0,family,0.7216666666666667,0.05536745935615574,6
0.0,40,0.0,1.0,global,0.4588888888888889,0.0889860580007819,6
0.0,40,0.25,0.25,capability,0.5494444444444445,0.057596939219088775,6
0.0,40,0.25,0.25,failure,0.5205555555555555,0.051485344912321825,6
0.0,40,0.25,0.25,family,0.5272222222222221,0.04832375383996144,6
0.0,40,0.25,0.25,global,0.4466666666666666,0.03583914681524161,6
0.0,40,0.25,0.5,capability,0.6266666666666666,0.047422451316743344,6
0.0,40,0.25,0.5,failure,0.6316666666666667,0.04004164498785398,6
0.0,40,0.25,0.5,family,0.6161111111111112,0.043990739766286986,6
0.0,40,0.25,0.5,global,0.4677777777777778,0.04118611776189032,6
0.0,40,0.25,0.75,capability,0.6483333333333333,0.0722880042299935,6
0.0,40,0.25,0.75,failure,0.7194444444444444,0.02274659111619598,6
0.0,40,0.25,0.75,family,0.685,0.03613247231446468,6
0.0,40,0.25,0.75,global,0.44999999999999996,0.012292725943057213,6
0.0,40,0.25,1.0,capability,0.6977777777777777,0.09229582069908972,6
0.0,40,0.25,1.0,failure,0.8127777777777778,0.020700688841642893,6
0.0,40,0.25,1.0,family,0.7538888888888889,0.039632571714951076,6
0.0,40,0.25,1.0,global,0.44944444444444437,0.04449302900039096,6
0.0,40,0.5,0.25,capability,0.5483333333333333,0.03822448313726572,6
0.0,40,0.5,0.25,failure,0.5294444444444445,0.03855251348869869,6
0.0,40,0.5,0.25,family,0.5411111111111111,0.05145296305760642,6
0.0,40,0.5,0.25,global,0.4888888888888889,0.04764063002973021,6
0.0,40,0.5,0.5,capability,0.5994444444444444,0.06049487275488417,6
0.0,40,0.5,0.5,failure,0.6416666666666667,0.04241331027977997,6
0.0,40,0.5,0.5,family,0.6172222222222222,0.04348264873188778,6
0.0,40,0.5,0.5,global,0.49666666666666665,0.0649786289653931,6
0.0,40,0.5,0.75,capability,0.6127777777777778,0.050173772106623674,6
0.0,40,0.5,0.75,failure,0.725,0.028499512666398757,6
0.0,40,0.5,0.75,family,0.6755555555555556,0.035255679868114335,6
0.0,40,0.5,0.75,global,0.47222222222222215,0.07262282061496976,6
0.0,40,0.5,1.0,capability,0.6466666666666666,0.07408703590297624,6
0.0,40,0.5,1.0,failure,0.8155555555555556,0.015587269259333498,6
0.0,40,0.5,1.0,family,0.7416666666666667,0.03391164991562635,6
0.0,40,0.5,1.0,global,0.47555555555555556,0.08825887847480066,6
0.0,40,0.75,0.25,capability,0.5733333333333334,0.04447221354708779,6
0.0,40,0.75,0.25,failure,0.5444444444444444,0.04124003807879841,6
0.0,40,0.75,0.25,family,0.5472222222222222,0.057558343990797414,6
0.0,40,0.75,0.25,global,0.4872222222222222,0.03395530831788991,6
0.0,40,0.75,0.5,capability,0.6388888888888888,0.04053347953190009,6
0.0,40,0.75,0.5,failure,0.6549999999999999,0.034689095308660496,6
0.0,40,0.75,0.5,family,0.6316666666666667,0.05369667897862338,6
0.0,40,0.75,0.5,global,0.49444444444444446,0.051062779080338024,6
0.0,40,0.75,0.75,capability,0.6522222222222221,0.05580388941708336,6
0.0,40,0.75,0.75,failure,0.7372222222222221,0.025941529695894194,6
0.0,40,0.75,0.75,family,0.6988888888888889,0.06389806697360226,6
0.0,40,0.75,0.75,global,0.48333333333333334,0.06253887679764578,6
0.0,40,0.75,1.0,capability,0.708888888888889,0.07500123455774034,6
0.0,40,0.75,1.0,failure,0.8238888888888889,0.027440170607395356,6
0.0,40,0.75,1.0,family,0.7555555555555555,0.06839969677212407,6
0.0,40,0.75,1.0,global,0.48055555555555557,0.09293765333495038,6
0.0,40,1.0,0.25,capability,0.57,0.051164223611599724,6
0.0,40,1.0,0.25,failure,0.5555555555555556,0.035444270288670005,6
0.0,40,1.0,0.25,family,0.5533333333333333,0.04163331998932265,6
0.0,40,1.0,0.25,global,0.5222222222222223,0.035444270288670025,6
0.0,40,1.0,0.5,capability,0.6316666666666667,0.07073424441763218,6
0.0,40,1.0,0.5,failure,0.6672222222222222,0.041010387121458027,6
0.0,40,1.0,0.5,family,0.6266666666666667,0.022803508501982785,6
0.0,40,1.0,0.5,global,0.5361111111111111,0.061550942466533545,6
0.0,40,1.0,0.75,capability,0.6422222222222222,0.06054077291532696,6
0.0,40,1.0,0.75,failure,0.7461111111111111,0.025941529695894253,6
0.0,40,1.0,0.75,family,0.6988888888888889,0.03757461712182645,6
0.0,40,1.0,0.75,global,0.5138888888888888,0.06294324309925453,6
0.0,40,1.0,1.0,capability,0.6744444444444445,0.058296813965417686,6
0.0,40,1.0,1.0,failure,0.8294444444444444,0.018308063392537828,6
0.0,40,1.0,1.0,family,0.7627777777777777,0.050790054436175125,6
0.0,40,1.0,1.0,global,0.5111111111111112,0.05009620374469138,6
0.0,80,0.0,0.25,capability,0.6394444444444444,0.0179402299832486,6
0.0,80,0.0,0.25,failure,0.5277777777777778,0.034167344166724546,6
0.0,80,0.0,0.25,family,0.5433333333333333,0.016055459438389742,6
0.0,80,0.0,0.25,global,0.6227777777777778,0.03241513135467356,6
0.0,80,0.0,0.5,capability,0.6944444444444445,0.028726036712104677,6
0.0,80,0.0,0.5,failure,0.6127777777777778,0.03356033814335455,6
0.0,80,0.0,0.5,family,0.6305555555555555,0.026784462051857732,6
0.0,80,0.0,0.5,global,0.62,0.05308274463305169,6
0.0,80,0.0,0.75,capability,0.7577777777777778,0.04124003807879835,6
0.0,80,0.0,0.75,failure,0.7133333333333334,0.011155467020454328,6
0.0,80,0.0,0.75,family,0.7305555555555555,0.02143897454706333,6
0.0,80,0.0,0.75,global,0.6455555555555555,0.08737318853100232,6
0.0,80,0.0,1.0,capability,0.8011111111111111,0.03487543972907433,6
0.0,80,0.0,1.0,failure,0.8072222222222223,0.012546210878484747,6
0.0,80,0.0,1.0,family,0.8066666666666666,0.016465452046971262,6
0.0,80,0.0,1.0,global,0.64,0.090234263017006,6
0.0,80,0.25,0.25,capability,0.6505555555555556,0.028551448040076442,6
0.0,80,0.25,0.25,failure,0.5372222222222222,0.023037811110015214,6
0.0,80,0.25,0.25,family,0.555,0.016431676725154998,6
0.0,80,0.25,0.25,global,0.6588888888888889,0.04256585312021658,6
0.0,80,0.25,0.5,capability,0.6983333333333333,0.030386400466875477,6
0.0,80,0.25,0.5,failure,0.6183333333333333,0.03740172307379558,6
0.0,80,0.25,0.5,family,0.6433333333333334,0.027728845790780575,6
0.0,80,0.25,0.5,global,0.6366666666666667,0.03852848873813301,6
0.0,80,0.25,0.75,capability,0.7622222222222222,0.026048388021497955,6
0.0,80,0.25,0.75,failure,0.7205555555555555,0.014669191701835069,6
0.0,80,0.25,0.75,family,0.7333333333333334,0.020110804171997794,6
0.0,80,0.25,0.75,global,0.6638888888888889,0.034923196154270184,6
0.0,80,0.25,1.0,capability,0.8027777777777777,0.04896332716847791,6
0.0,80,0.25,1.0,failure,0.8116666666666666,0.010055402085998894,6
0.0,80,0.25,1.0,family,0.8105555555555556,0.017564695229878552,6
0.0,80,0.25,1.0,global,0.6477777777777778,0.0619916362339547,6
0.0,80,0.5,0.25,capability,0.6672222222222223,0.0118164981965737,6
0.0,80,0.5,0.25,failure,0.5599999999999999,0.02394437999475728,6
0.0,80,0.5,0.25,family,0.5755555555555555,0.021046685320091685,6
0.0,80,0.5,0.25,global,0.6633333333333333,0.0331997322613033,6
0.0,80,0.5,0.5,capability,0.715,0.026645825188948435,6
0.0,80,0.5,0.5,failure,0.6366666666666666,0.033199732261303266,6
0.0,80,0.5,0.5,family,0.6516666666666667,0.02562550812504342,6
0.0,80,0.5,0.5,global,0.6655555555555556,0.053693230140893576,6
0.0,80,0.5,0.75,capability,0.7733333333333334,0.027888667551135827,6
0.0,80,0.5,0.75,failure,0.7377777777777778,0.01186342028003482,6
0.0,80,0.5,0.75,family,0.7444444444444445,0.01996292860575613,6
0.0,80,0.5,0.75,global,0.6938888888888889,0.06385458015998073,6
0.0,80,0.5,1.0,capability,0.8116666666666666,0.023166067138525377,6
0.0,80,0.5,1.0,failure,0.8172222222222222,0.012722100921304281,6
0.0,80,0.5,1.0,family,0.8211111111111111,0.014555131461166946,6
0.0,80,0.5,1.0,global,0.6805555555555555,0.07334595850917505,6
0.0,80,0.75,0.25,capability,0.6738888888888889,0.023325395475191316,6
0.0,80,0.75,0.25,failure,0.5833333333333334,0.029135697844549543,6
0.0,80,0.75,0.25,family,0.5844444444444444,0.022965352324913473,6
0.0,80,0.75,0.25,global,0.6877777777777778,0.02473563930550111,6
0.0,80,0.75,0.5,capability,0.7172222222222221,0.04317492413512818,6
0.0,80,0.75,0.5,failure,0.6511111111111111,0.026887970599562966,6
0.0,80,0.75,0.5,family,0.6633333333333333,0.024855135843076324,6
0.0,80,0.75,0.5,global,0.6555555555555556,0.03588045996649718,6
0.0,80,0.75,0.75,capability,0.775,0.04209776980105029,6
0.0,80,0.75,0.75,failure,0.7505555555555555,0.021747711671873927,6
0.0,80,0.75,0.75,family,0.755,0.009831920802501759,6
0.0,80,0.75,0.75,global,0.68,0.046523590192981065,6
0.0,80,0.75,1.0,capability,0.8094444444444444,0.0503064681799542,6
0.0,80,0.75,1.0,failure,0.8250000000000001,0.00809663853432739,6
0.0,80,0.75,1.0,family,0.8233333333333333,0.015202339001321842,6
0.0,80,0.75,1.0,global,0.6516666666666667,0.055327308908992776,6
0.0,80,1.0,0.25,capability,0.6961111111111111,0.025422358196994586,6
0.0,80,1.0,0.25,failure,0.5922222222222222,0.028258069971576597,6
0.0,80,1.0,0.25,family,0.6027777777777777,0.016113026706042168,6
0.0,80,1.0,0.25,global,0.7088888888888888,0.040203187638498214,6
0.0,80,1.0,0.5,capability,0.7322222222222222,0.03110317359060661,6
0.0,80,1.0,0.5,failure,0.6633333333333333,0.027888667551135844,6
0.0,80,1.0,0.5,family,0.6683333333333333,0.022973414586817065,6
0.0,80,1.0,0.5,global,0.6772222222222223,0.04795445369962658,6
0.0,80,1.0,0.75,capability,0.8005555555555556,0.008277591347639642,6
0.0,80,1.0,0.75,failure,0.758888888888889,0.012938601447119679,6
0.0,80,1.0,0.75,family,0.7644444444444445,0.014246507044288544,6
0.0,80,1.0,0.75,global,0.6938888888888889,0.04790809102004783,6
0.0,80,1.0,1.0,capability,0.8372222222222222,0.015693829879806127,6
0.0,80,1.0,1.0,failure,0.8277777777777778,0.01167460047694553,6
0.0,80,1.0,1.0,family,0.8294444444444444,0.011626916409142433,6
0.0,80,1.0,1.0,global,0.6611111111111111,0.0755032498687357,6
0.0,160,0.0,0.25,capability,0.6905555555555556,0.03207052413850637,6
0.0,160,0.0,0.25,failure,0.5738888888888889,0.02360947706763975,6
0.0,160,0.0,0.25,family,0.5750000000000001,0.03181543999730665,6
0.0,160,0.0,0.25,global,0.8144444444444444,0.02315807194686762,6
0.0,160,0.0,0.5,capability,0.7422222222222222,0.01973903821440217,6
0.0,160,0.0,0.5,failure,0.668888888888889,0.031174538518667,6
0.0,160,0.0,0.5,family,0.668888888888889,0.029262540838011605,6
0.0,160,0.0,0.5,global,0.8422222222222223,0.022177733244221596,6
0.0,160,0.0,0.75,capability,0.7888888888888889,0.02296535232491345,6
0.0,160,0.0,0.75,failure,0.7327777777777778,0.027521035725557426,6
0.0,160,0.0,0.75,family,0.7355555555555555,0.02315807194686761,6
0.0,160,0.0,0.75,global,0.8444444444444444,0.026218455473338006,6
0.0,160,0.0,1.0,capability,0.8294444444444444,0.022252756799668323,6
0.0,160,0.0,1.0,failure,0.8138888888888888,0.018429043101301532,6
0.0,160,0.0,1.0,family,0.8105555555555556,0.027601663932666293,6
0.0,160,0.0,1.0,global,0.8544444444444445,0.023444181146494103,6
0.0,160,0.25,0.25,capability,0.7011111111111111,0.024555304171664523,6
0.0,160,0.25,0.25,failure,0.6027777777777777,0.045773192866405875,6
0.0,160,0.25,0.25,family,0.6,0.03602468289628344,6
0.0,160,0.25,0.25,global,0.8377777777777777,0.026555323104514934,6
0.0,160,0.25,0.5,capability,0.7494444444444444,0.020156792807792992,6
0.0,160,0.25,0.5,failure,0.6838888888888889,0.030580797654495288,6
0.0,160,0.25,0.5,family,0.688888888888889,0.028258069971576587,6
0.0,160,0.25,0.5,global,0.8494444444444444,0.018787308560913193,6
0.0,160,0.25,0.75,capability,0.7977777777777778,0.02570487776163779,6
0.0,160,0.25,0.75,failure,0.7472222222222222,0.01289559212662594,6
0.0,160,0.25,0.75,family,0.7466666666666667,0.026915505650915116,6
0.0,160,0.25,0.75,global,0.8483333333333333,0.020736441353327705,6
0.0,160,0.25,1.0,capability,0.835,0.017352553446427173,6
0.0,160,0.25,1.0,failure,0.8233333333333333,0.023758039574940635,6
0.0,160,0.25,1.0,family,0.8177777777777778,0.0270527605218368,6
0.0,160,0.25,1.0,global,0.8522222222222222,0.024098563043068375,6
0.0,160,0.5,0.25,capability,0.7066666666666667,0.03379677828169756,6
0.0,160,0.5,0.25,failure,0.6211111111111111,0.023061913447323792,6
0.0,160,0.5,0.25,family,0.611111111111111,0.017083672083362263,6
0.0,160,0.5,0.25,global,0.8511111111111113,0.008861067572167548,6
0.0,160,0.5,0.5,capability,0.7555555555555555,0.025092421756969355,6
0.0,160,0.5,0.5,failure,0.7005555555555555,0.03611196580185126,6
0.0,160,0.5,0.5,family,0.6877777777777778,0.028803291992923825,6
0.0,160,0.5,0.5,global,0.86,0.018618986725025294,6
0.0,160,0.5,0.75,capability,0.7983333333333333,0.027628487713469485,6
0.0,160,0.5,0.75,failure,0.7555555555555555,0.019962928605756183,6
0.0,160,0.5,0.75,family,0.7527777777777778,0.02619725741936158,6
0.0,160,0.5,0.75,global,0.8555555555555555,0.034297176214614165,6
0.0,160,0.5,1.0,capability,0.8394444444444445,0.018905221696859497,6
0.0,160,0.5,1.0,failure,0.8261111111111111,0.021849654629018927,6
0.0,160,0.5,1.0,family,0.8227777777777777,0.023420472209554583,6
0.0,160,0.5,1.0,global,0.8516666666666667,0.038858718455450865,6
0.0,160,0.75,0.25,capability,0.7216666666666667,0.029344694769431707,6
0.0,160,0.75,0.25,failure,0.65,0.020869967789998053,6
0.0,160,0.75,0.25,family,0.6294444444444445,0.029395136911980424,6
0.0,160,0.75,0.25,global,0.8644444444444445,0.013770607453181908,6
0.0,160,0.75,0.5,capability,0.7683333333333334,0.027223355985460537,6
0.0,160,0.75,0.5,failure,0.7188888888888889,0.025003703429395938,6
0.0,160,0.75,0.5,family,0.7066666666666667,0.01920648038785059,6
0.0,160,0.75,0.5,global,0.8633333333333333,0.021807236311728158,6
0.0,160,0.75,0.75,capability,0.81,0.026415483674878584,6
0.0,160,0.75,0.75,failure,0.773888888888889,0.01878730856091321,6
0.0,160,0.75,0.75,family,0.7644444444444445,0.020511965794158805,6
0.0,160,0.75,0.75,global,0.8577777777777778,0.037396771498600254,6
0.0,160,0.75,1.0,capability,0.8477777777777779,0.01759629590651481,6
0.0,160,0.75,1.0,failure,0.835,0.022681367781605358,6
0.0,160,0.75,1.0,family,0.8327777777777778,0.023983018683751776,6
0.0,160,0.75,1.0,global,0.8633333333333333,0.03546516287538772,6
0.0,160,1.0,0.25,capability,0.7238888888888889,0.033227610116800116,6
0.0,160,1.0,0.25,failure,0.6483333333333333,0.02030325644378811,6
0.0,160,1.0,0.25,family,0.6427777777777778,0.038263220905643554,6
0.0,160,1.0,0.25,global,0.87,0.01943650631615101,6
0.0,160,1.0,0.5,capability,0.7716666666666666,0.023921166824012206,6
0.0,160,1.0,0.5,failure,0.7188888888888889,0.02482531563336702,6
0.0,160,1.0,0.5,family,0.715,0.029495762407505274,6
0.0,160,1.0,0.5,global,0.8733333333333334,0.01490711984999857,6
0.0,160,1.0,0.75,capability,0.8122222222222222,0.02688797059956295,6
0.0,160,1.0,0.75,failure,0.7833333333333333,0.020548046676563254,6
0.0,160,1.0,0.75,family,0.7688888888888888,0.023158071946867597,6
0.0,160,1.0,0.75,global,0.8716666666666667,0.03998610869900805,6
0.0,160,1.0,1.0,capability,0.8488888888888889,0.018338383142913597,6
0.0,160,1.0,1.0,failure,0.8394444444444445,0.02559658542042638,6
0.0,160,1.0,1.0,family,0.8361111111111111,0.02425940062158421,6
0.0,160,1.0,1.0,global,0.8683333333333333,0.015018507101425093,6
0.2,40,0.0,0.25,capability,0.5088888888888888,0.05027332699759792,6
0.2,40,0.0,0.25,failure,0.5133333333333333,0.05473166867139679,6
0.2,40,0.0,0.25,family,0.4911111111111111,0.03344425987398315,6
0.2,40,0.0,0.25,global,0.44277777777777777,0.04250054465881933,6
0.2,40,0.0,0.5,capability,0.5555555555555556,0.06618716447122314,6
0.2,40,0.0,0.5,failure,0.6288888888888889,0.03550691116868293,6
0.2,40,0.0,0.5,family,0.5427777777777778,0.023983018683751755,6
0.2,40,0.0,0.5,global,0.4477777777777778,0.04554200340426487,6
0.2,40,0.0,0.75,capability,0.5622222222222222,0.05361039147473257,6
0.2,40,0.0,0.75,failure,0.7055555555555556,0.04568815390675582,6
0.2,40,0.0,0.75,family,0.5783333333333334,0.04395704974429272,6
0.2,40,0.0,0.75,global,0.4266666666666666,0.05999999999999999,6
0.2,40,0.0,1.0,capability,0.5855555555555555,0.06483026270934715,6
0.2,40,0.0,1.0,failure,0.7966666666666667,0.036998498468030966,6
0.2,40,0.0,1.0,family,0.6422222222222222,0.07461506153188785,6
0.2,40,0.0,1.0,global,0.425,0.09015418890865681,6
0.2,40,0.25,0.25,capability,0.5272222222222221,0.04260499014417425,6
0.2,40,0.25,0.25,failure,0.52,0.04093355048802333,6
0.2,40,0.25,0.25,family,0.5133333333333333,0.04604345773288537,6
0.2,40,0.25,0.25,global,0.4666666666666666,0.02118699810942762,6
0.2,40,0.25,0.5,capability,0.5772222222222222,0.060641630975818976,6
0.2,40,0.25,0.5,failure,0.6272222222222222,0.041708867517946696,6
0.2,40,0.25,0.5,family,0.5877777777777777,0.05991351792066322,6
0.2,40,0.25,0.5,global,0.4872222222222222,0.03241513135467359,6
0.2,40,0.25,0.75,capability,0.5861111111111111,0.04489081404012615,6
0.2,40,0.25,0.75,failure,0.7083333333333334,0.025188180649750067,6
0.2,40,0.25,0.75,family,0.6383333333333333,0.04951991742947699,6
0.2,40,0.25,0.75,global,0.47055555555555556,0.03940765107137149,6
0.2,40,0.25,1.0,capability,0.6233333333333334,0.047093288033198344,6
0.2,40,0.25,1.0,failure,0.7933333333333333,0.0163299316185545,6
0.2,40,0.25,1.0,family,0.71,0.05320818650462648,6
0.2,40,0.25,1.0,global,0.47,0.049710271686152656,6
0.2,40,0.5,0.25,capability,0.5438888888888889,0.03617345046465044,6
0.2,40,0.5,0.25,failure,0.5355555555555555,0.043546484316145405,6
0.2,40,0.5,0.25,family,0.5283333333333333,0.0549241901776136,6
0.2,40,0.5,0.25,global,0.4894444444444444,0.04419234054633184,6
0.2,40,0.5,0.5,capability,0.5794444444444444,0.05384820915898345,6
0.2,40,0.5,0.5,failure,0.6361111111111111,0.0392381145014593,6
0.2,40,0.5,0.5,family,0.6016666666666667,0.05158595846847386,6
0.2,40,0.5,0.5,global,0.5077777777777778,0.08481788770108625,6
0.2,40,0.5,0.75,capability,0.6,0.04356349134054543,6
0.2,40,0.5,0.75,failure,0.6988888888888889,0.02535671435661495,6
0.2,40,0.5,0.75,family,0.648888888888889,0.05014054321678289,6
0.2,40,0.5,0.75,global,0.4938888888888889,0.0739794766334756,6
0.2,40,0.5,1.0,capability,0.6177777777777779,0.06020951075357766,6
0.2,40,0.5,1.0,failure,0.7811111111111111,0.038796716164969276,6
0.2,40,0.5,1.0,family,0.7127777777777777,0.06191092765387195,6
0.2,40,0.5,1.0,global,0.5122222222222222,0.10240804366556079,6
0.2,40,0.75,0.25,capability,0.5683333333333334,0.03456073558887955,6
0.2,40,0.75,0.25,failure,0.5427777777777778,0.046495718640019425,6
0.2,40,0.75,0.25,family,0.5516666666666666,0.053944415837044735,6
0.2,40,0.75,0.25,global,0.5072222222222222,0.020593058880945148,6
0.2,40,0.75,0.5,capability,0.6305555555555555,0.06760725361039852,6
0.2,40,0.75,0.5,failure,0.6588888888888889,0.03506607519568778,6
0.2,40,0.75,0.5,family,0.6327777777777778,0.05126907955599083,6
0.2,40,0.75,0.5,global,0.5261111111111111,0.02533479527945414,6
0.2,40,0.75,0.75,capability,0.6372222222222222,0.056269852463786456,6
0.2,40,0.75,0.75,failure,0.7377777777777778,0.018459164139817935,6
0.2,40,0.75,0.75,family,0.686111111111111,0.04348264873188777,6
0.2,40,0.75,0.75,global,0.5027777777777778,0.02515875519502036,6
0.2,40,0.75,1.0,capability,0.6733333333333333,0.06525164961729145,6
0.2,40,0.75,1.0,failure,0.8183333333333334,0.03074988708199681,6
0.2,40,0.75,1.0,family,0.7533333333333333,0.03565264521898917,6
0.2,40,0.75,1.0,global,0.49666666666666665,0.04746928831711438,6
0.2,40,1.0,0.25,capability,0.5822222222222222,0.034426518632954844,6
0.2,40,1.0,0.25,failure,0.5555555555555555,0.03512939045975712,6
0.2,40,1.0,0.25,family,0.5538888888888889,0.03415108045576738,6
0.2,40,1.0,0.25,global,0.5211111111111112,0.041562090989354775,6
0.2,40,1.0,0.5,capability,0.6316666666666667,0.049204787481617156,6
0.2,40,1.0,0.5,failure,0.6644444444444444,0.04204054480388434,6
0.2,40,1.0,0.5,family,0.6216666666666667,0.04425933674253251,6
0.2,40,1.0,0.5,global,0.5222222222222223,0.06410639304803878,6
0.2,40,1.0,0.75,capability,0.6466666666666666,0.036392917503883127,6
0.2,40,1.0,0.75,failure,0.7322222222222222,0.018338383142913577,6
0.2,40,1.0,0.75,family,0.6761111111111111,0.03672218019832858,6
0.2,40,1.0,0.75,global,0.5011111111111112,0.0587524625173435,6
0.2,40,1.0,1.0,capability,0.6655555555555556,0.04435546648844324,6
0.2,40,1.0,1.0,failure,0.813888888888889,0.03690327697985439,6
0.2,40,1.0,1.0,family,0.7227777777777779,0.03213974117759757,6
0.2,40,1.0,1.0,global,0.4855555555555555,0.07675839922674167,6
0.2,80,0.0,0.25,capability,0.6705555555555556,0.02711429853758318,6
0.2,80,0.0,0.25,failure,0.5561111111111111,0.031581757509793675,6
0.2,80,0.0,0.25,family,0.5877777777777778,0.024825315633366977,6
0.2,80,0.0,0.25,global,0.63,0.008432740427115651,6
0.2,80,0.0,0.5,capability,0.7094444444444444,0.030362013303663712,6
0.2,80,0.0,0.5,failure,0.635,0.0277888866675551,6
0.2,80,0.0,0.5,family,0.6655555555555556,0.028726036712104674,6
0.2,80,0.0,0.5,global,0.6177777777777779,0.053402732625324086,6
0.2,80,0.0,0.75,capability,0.7733333333333333,0.029589788028229546,6
0.2,80,0.0,0.75,failure,0.726111111111111,0.019935079819439122,6
0.2,80,0.0,0.75,family,0.7472222222222222,0.019022403945134055,6
0.2,80,0.0,0.75,global,0.655,0.060101765549958844,6
0.2,80,0.0,1.0,capability,0.8055555555555557,0.04036867138796656,6
0.2,80,0.0,1.0,failure,0.8116666666666666,0.015165750888103144,6
0.2,80,0.0,1.0,family,0.8177777777777777,0.013277661552257448,6
0.2,80,0.0,1.0,global,0.6366666666666667,0.0538722769355651,6
0.2,80,0.25,0.25,capability,0.6744444444444445,0.036797745502599365,6
0.2,80,0.25,0.25,failure,0.58,0.015347819244295123,6
0.2,80,0.25,0.25,family,0.5994444444444444,0.02453266907313288,6
0.2,80,0.25,0.25,global,0.6522222222222221,0.02344418114649409,6
0.2,80,0.25,0.5,capability,0.7144444444444445,0.04075218694427014,6
0.2,80,0.25,0.5,failure,0.65,0.03765338999051453,6
0.2,80,0.25,0.5,family,0.6733333333333333,0.029514591494904874,6
0.2,80,0.25,0.5,global,0.6511111111111111,0.03370899429375335,6
0.2,80,0.25,0.75,capability,0.7644444444444445,0.029338383403670003,6
0.2,80,0.25,0.75,failure,0.7466666666666667,0.015491933384829671,6
0.2,80,0.25,0.75,family,0.7522222222222222,0.013443985299781528,6
0.2,80,0.25,0.75,global,0.6694444444444444,0.05148534491232179,6
0.2,80,0.25,1.0,capability,0.8005555555555555,0.03957646139179573,6
0.2,80,0.25,1.0,failure,0.82,0.00966091783079297,6
0.2,80,0.25,1.0,family,0.8205555555555555,0.010628403594282777,6
0.2,80,0.25,1.0,global,0.6566666666666666,0.05633234713140698,6
0.2,80,0.5,0.25,capability,0.6977777777777777,0.029110262922333888,6
0.2,80,0.5,0.25,failure,0.5822222222222222,0.0188168561155703,6
0.2,80,0.5,0.25,family,0.5938888888888889,0.01730981310209993,6
0.2,80,0.5,0.25,global,0.6733333333333333,0.038180856168736954,6
0.2,80,0.5,0.5,capability,0.735,0.030749887081996784,6
0.2,80,0.5,0.5,failure,0.6472222222222223,0.023325395475191312,6
0.2,80,0.5,0.5,family,0.6699999999999999,0.02118699810942761,6
0.2,80,0.5,0.5,global,0.6627777777777778,0.05318381820176621,6
0.2,80,0.5,0.75,capability,0.7722222222222223,0.03942174620782388,6
0.2,80,0.5,0.75,failure,0.7466666666666667,0.014142135623730925,6
0.2,80,0.5,0.75,family,0.7577777777777778,0.021670939749573168,6
0.2,80,0.5,0.75,global,0.6894444444444444,0.06637993895972105,6
0.2,80,0.5,1.0,capability,0.8027777777777777,0.05693726241971819,6
0.2,80,0.5,1.0,failure,0.8211111111111111,0.012412657816683487,6
0.2,80,0.5,1.0,family,0.8222222222222223,0.013109227736669015,6
0.2,80,0.5,1.0,global,0.6711111111111111,0.08798147953257403,6
0.2,80,0.75,0.25,capability,0.6966666666666667,0.030840089349921017,6
0.2,80,0.75,0.25,failure,0.6122222222222222,0.018459164139817883,6
0.2,80,0.75,0.25,family,0.6255555555555555,0.024825315633366995,6
0.2,80,0.75,0.25,global,0.6833333333333332,0.028596814119369637,6
0.2,80,0.75,0.5,capability,0.7394444444444445,0.027277721203833604,6
0.2,80,0.75,0.5,failure,0.6716666666666667,0.02802776401277053,6
0.2,80,0.75,0.5,family,0.6888888888888888,0.02062001903939921,6
0.2,80,0.75,0.5,global,0.6538888888888889,0.017564695229878552,6
0.2,80,0.75,0.75,capability,0.7838888888888889,0.04062930888829812,6
0.2,80,0.75,0.75,failure,0.7583333333333333,0.01974841765813153,6
0.2,80,0.75,0.75,family,0.7694444444444445,0.019710873103911956,6
0.2,80,0.75,0.75,global,0.6622222222222223,0.05385852523733582,6
0.2,80,0.75,1.0,capability,0.8144444444444444,0.05114974385367241,6
0.2,80,0.75,1.0,failure,0.8261111111111111,0.009981464302878102,6
0.2,80,0.75,1.0,family,0.8283333333333333,0.01486980534879695,6
0.2,80,0.75,1.0,global,0.6288888888888889,0.07060584384585443,6
0.2,80,1.0,0.25,capability,0.7077777777777778,0.029338383403670024,6
0.2,80,1.0,0.25,failure,0.6211111111111111,0.023158071946867587,6
0.2,80,1.0,0.25,family,0.6355555555555555,0.02509242175696933,6
0.2,80,1.0,0.25,global,0.706111111111111,0.04498971075783967,6
0.2,80,1.0,0.5,capability,0.7438888888888888,0.008277591347639633,6
0.2,80,1.0,0.5,failure,0.6827777777777778,0.022451594020783342,6
0.2,80,1.0,0.5,family,0.6883333333333334,0.015456030825826148,6
0.2,80,1.0,0.5,global,0.6783333333333333,0.03937003937005904,6
0.2,80,1.0,0.75,capability,0.7983333333333333,0.023166067138525436,6
0.2,80,1.0,0.75,failure,0.7688888888888888,0.01572918966149898,6
0.2,80,1.0,0.75,family,0.7744444444444444,0.01905158688831362,6
0.2,80,1.0,0.75,global,0.6922222222222222,0.06632132778012301,6
0.2,80,1.0,1.0,capability,0.831111111111111,0.03739677149860024,6
0.2,80,1.0,1.0,failure,0.8305555555555556,0.011238162496435786,6
0.2,80,1.0,1.0,family,0.831111111111111,0.017341878235668177,6
0.2,80,1.0,1.0,global,0.66,0.08602325267042628,6
0.2,160,0.0,0.25,capability,0.7394444444444445,0.027601663932666314,6
0.2,160,0.0,0.25,failure,0.6294444444444444,0.029319441154797468,6
0.2,160,0.0,0.25,family,0.6272222222222222,0.029319441154797395,6
0.2,160,0.0,0.25,global,0.8188888888888889,0.03201851316324954,6
0.2,160,0.0,0.5,capability,0.7799999999999999,0.03565264521898917,6
0.2,160,0.0,0.5,failure,0.6977777777777777,0.0373967714986002,6
0.2,160,0.0,0.5,family,0.7022222222222222,0.02561828051014153,6
0.2,160,0.0,0.5,global,0.8327777777777777,0.036173450464650383,6
0.2,160,0.0,0.75,capability,0.8155555555555556,0.019283460577703696,6
0.2,160,0.0,0.75,failure,0.7577777777777778,0.018459164139817925,6
0.2,160,0.0,0.75,family,0.7583333333333333,0.024198255217175366,6
0.2,160,0.0,0.75,global,0.8294444444444444,0.04841563873454602,6
0.2,160,0.0,1.0,capability,0.8394444444444445,0.02091428715991556,6
0.2,160,0.0,1.0,failure,0.8244444444444444,0.025791184253251855,6
0.2,160,0.0,1.0,family,0.8227777777777777,0.026701366312662102,6
0.2,160,0.0,1.0,global,0.8300000000000001,0.04125799585804214,6
0.2,160,0.25,0.25,capability,0.7288888888888888,0.021256807188565548,6
0.2,160,0.25,0.25,failure,0.6494444444444444,0.033026364328226344,6
0.2,160,0.25,0.25,family,0.6444444444444445,0.02040334032202316,6
0.2,160,0.25,0.25,global,0.8388888888888889,0.026048388021497938,6
0.2,160,0.25,0.5,capability,0.7688888888888888,0.02372684056006962,6
0.2,160,0.25,0.5,failure,0.7194444444444444,0.03963257171495109,6
0.2,160,0.25,0.5,family,0.7172222222222223,0.022252756799668316,6
0.2,160,0.25,0.5,global,0.8450000000000001,0.028421431663056235,6
0.2,160,0.25,0.75,capability,0.8066666666666666,0.02616188916046479,6
0.2,160,0.25,0.75,failure,0.7733333333333334,0.02043961295567449,6
0.2,160,0.25,0.75,family,0.77,0.030983866769659352,6
0.2,160,0.25,0.75,global,0.8411111111111111,0.04080668064404634,6
0.2,160,0.25,1.0,capability,0.8377777777777777,0.022574977954133827,6
0.2,160,0.25,1.0,failure,0.8333333333333334,0.026415483674878625,6
0.2,160,0.25,1.0,family,0.8266666666666667,0.024585451886114405,6
0.2,160,0.25,1.0,global,0.835,0.030018512806451788,6
0.2,160,0.5,0.25,capability,0.7633333333333333,0.03875851160999639,6
0.2,160,0.5,0.25,failure,0.6827777777777778,0.02215266893041873,6
0.2,160,0.5,0.25,family,0.6727777777777778,0.02901468338362234,6
0.2,160,0.5,0.25,global,0.8472222222222223,0.0174377198645372,6
0.2,160,0.5,0.5,capability,0.7955555555555556,0.034426518632954824,6
0.2,160,0.5,0.5,failure,0.7422222222222222,0.02713478019620388,6
0.2,160,0.5,0.5,family,0.7388888888888889,0.02697049141946448,6
0.2,160,0.5,0.5,global,0.8533333333333334,0.01966384160500349,6
0.2,160,0.5,0.75,capability,0.8211111111111111,0.01746955022847425,6
0.2,160,0.5,0.75,failure,0.7916666666666666,0.020628997929021075,6
0.2,160,0.5,0.75,family,0.7794444444444445,0.027762217864225856,6
0.2,160,0.5,0.75,global,0.8505555555555556,0.025246928672759537,6
0.2,160,0.5,1.0,capability,0.8494444444444444,0.01781593128094652,6
0.2,160,0.5,1.0,failure,0.8422222222222223,0.01797117032813841,6
0.2,160,0.5,1.0,family,0.8344444444444444,0.02446463812359617,6
0.2,160,0.5,1.0,global,0.8533333333333334,0.02973961069759395,6
0.2,160,0.75,0.25,capability,0.7822222222222223,0.027782221866723546,6
0.2,160,0.75,0.25,failure,0.7066666666666667,0.030404678002643605,6
0.2,160,0.75,0.25,family,0.6894444444444444,0.021645288598642388,6
0.2,160,0.75,0.25,global,0.8633333333333333,0.01849924923401547,6
0.2,160,0.75,0.5,capability,0.8083333333333332,0.028963578661637943,6
0.2,160,0.75,0.5,failure,0.7594444444444445,0.030362013303663723,6
0.2,160,0.75,0.5,family,0.7494444444444445,0.028395356949619373,6
0.2,160,0.75,0.5,global,0.8638888888888889,0.022844076953377916,6
0.2,160,0.75,0.75,capability,0.8338888888888888,0.02416762450209109,6
0.2,160,0.75,0.75,failure,0.7994444444444445,0.015551586795303314,6
0.2,160,0.75,0.75,family,0.7905555555555556,0.020593058880945165,6
0.2,160,0.75,0.75,global,0.8633333333333333,0.041311822359545766,6
0.2,160,0.75,1.0,capability,0.8561111111111112,0.02102027240194216,6
0.2,160,0.75,1.0,failure,0.8411111111111111,0.01951257903868016,6
0.2,160,0.75,1.0,family,0.8444444444444444,0.02125680718856559,6
0.2,160,0.75,1.0,global,0.8527777777777777,0.029993826525297338,6
0.2,160,1.0,0.25,capability,0.7783333333333333,0.04574081571443849,6
0.2,160,1.0,0.25,failure,0.7044444444444444,0.026970491419464466,6
0.2,160,1.0,0.25,family,0.7066666666666667,0.025385910352879695,6
0.2,160,1.0,0.25,global,0.8616666666666667,0.021369760566432788,6
0.2,160,1.0,0.5,capability,0.8116666666666666,0.02849951266639874,6
0.2,160,1.0,0.5,failure,0.7583333333333333,0.03009245014211299,6
0.2,160,1.0,0.5,family,0.7616666666666667,0.02084333093448466,6
0.2,160,1.0,0.5,global,0.8638888888888889,0.029470638244166302,6
0.2,160,1.0,0.75,capability,0.8377777777777777,0.019167874358086943,6
0.2,160,1.0,0.75,failure,0.7999999999999999,0.0192064803878506,6
0.2,160,1.0,0.75,family,0.805,0.02287647991569801,6
0.2,160,1.0,0.75,global,0.8611111111111112,0.03563186256189298,6
0.2,160,1.0,1.0,capability,0.8561111111111112,0.01971087310391189,6
0.2,160,1.0,1.0,failure,0.8483333333333333,0.016158932858054437,6
0.2,160,1.0,1.0,family,0.8455555555555555,0.026133560089719187,6
0.2,160,1.0,1.0,global,0.8516666666666667,0.028421431663056277,6
0.4,40,0.0,0.25,capability,0.47888888888888886,0.05009620374469139,6
0.4,40,0.0,0.25,failure,0.5083333333333333,0.05188662854938857,6
0.4,40,0.0,0.25,family,0.49111111111111105,0.050184843513938766,6
0.4,40,0.0,0.25,global,0.4511111111111111,0.051366511644441296,6
0.4,40,0.0,0.5,capability,0.5344444444444445,0.05616114381023658,6
0.4,40,0.0,0.5,failure,0.61,0.043101946333985675,6
0.4,40,0.0,0.5,family,0.5638888888888889,0.05470797896982633,6
0.4,40,0.0,0.5,global,0.4566666666666667,0.05120763831912406,6
0.4,40,0.0,0.75,capability,0.5427777777777778,0.04154872195743564,6
0.4,40,0.0,0.75,failure,0.6694444444444444,0.02893799245641283,6
0.4,40,0.0,0.75,family,0.6038888888888889,0.04128043209650397,6
0.4,40,0.0,0.75,global,0.43777777777777777,0.0436484270642733,6
0.4,40,0.0,1.0,capability,0.5750000000000001,0.05049752469181039,6
0.4,40,0.0,1.0,failure,0.7494444444444445,0.03895391389074286,6
0.4,40,0.0,1.0,family,0.6677777777777778,0.04440553852676323,6
0.4,40,0.0,1.0,global,0.44999999999999996,0.04268749491621899,6
0.4,40,0.25,0.25,capability,0.5222222222222223,0.05222458623490862,6
0.4,40,0.25,0.25,failure,0.5061111111111111,0.02954594664184862,6
0.4,40,0.25,0.25,family,0.5077777777777778,0.02647150809343396,6
0.4,40,0.25,0.25,global,0.4811111111111111,0.018459164139817984,6
0.4,40,0.25,0.5,capability,0.5694444444444445,0.07134942705264521,6
0.4,40,0.25,0.5,failure,0.6027777777777777,0.03144071434491459,6
0.4,40,0.25,0.5,family,0.5761111111111111,0.052128757969161374,6
0.4,40,0.25,0.5,global,0.5094444444444445,0.05975567538519451,6
0.4,40,0.25,0.75,capability,0.5733333333333334,0.048396510434350795,6
0.4,40,0.25,0.75,failure,0.65,0.03999999999999995,6
0.4,40,0.25,0.75,family,0.6072222222222222,0.050964766333295455,6
0.4,40,0.25,0.75,global,0.4977777777777777,0.042304014344145054,6
0.4,40,0.25,1.0,capability,0.6105555555555555,0.04720718714897678,6
0.4,40,0.25,1.0,failure,0.7188888888888889,0.033177413111042,6
0.4,40,0.25,1.0,family,0.6694444444444444,0.0376189471567877,6
0.4,40,0.25,1.0,global,0.51,0.043256341860022245,6
0.4,40,0.5,0.25,capability,0.5422222222222222,0.02509242175696933,6
0.4,40,0.5,0.25,failure,0.525,0.03740172307379554,6
0.4,40,0.5,0.25,family,0.5194444444444445,0.04836971810574909,6
0.4,40,0.5,0.25,global,0.48277777777777775,0.053142017971413893,6
0.4,40,0.5,0.5,capability,0.5977777777777779,0.0578759849128257,6
0.4,40,0.5,0.5,failure,0.6155555555555555,0.042565853120216546,6
0.4,40,0.5,0.5,family,0.5655555555555556,0.042304014344145005,6
0.4,40,0.5,0.5,global,0.5122222222222222,0.07085718552652753,6
0.4,40,0.5,0.75,capability,0.6077777777777778,0.05721952528703881,6
0.4,40,0.5,0.75,failure,0.6699999999999999,0.029135697844549585,6
0.4,40,0.5,0.75,family,0.6061111111111112,0.05200071224583439,6
0.4,40,0.5,0.75,global,0.49666666666666665,0.04472135954999579,6
0.4,40,0.5,1.0,capability,0.6238888888888888,0.06734378356749185,6
0.4,40,0.5,1.0,failure,0.7355555555555555,0.040478618041115494,6
0.4,40,0.5,1.0,family,0.6344444444444445,0.06588429813499379,6
0.4,40,0.5,1.0,global,0.4938888888888889,0.06151482808294336,6
0.4,40,0.75,0.25,capability,0.5483333333333333,0.023069941963997677,6
0.4,40,0.75,0.25,failure,0.5361111111111111,0.03647931935687313,6
0.4,40,0.75,0.25,family,0.5388888888888889,0.04261802783208413,6
0.4,40,0.75,0.25,global,0.4844444444444444,0.05260615370284553,6
0.4,40,0.75,0.5,capability,0.58,0.04765617600176407,6
0.4,40,0.75,0.5,failure,0.6316666666666667,0.02588435821108959,6
0.4,40,0.75,0.5,family,0.5883333333333334,0.05282045058497706,6
0.4,40,0.75,0.5,global,0.4811111111111111,0.049291273361819654,6
0.4,40,0.75,0.75,capability,0.5750000000000001,0.034689095308660496,6
0.4,40,0.75,0.75,failure,0.6961111111111111,0.04234339338034877,6
0.4,40,0.75,0.75,family,0.6105555555555555,0.06144253563440545,6
0.4,40,0.75,0.75,global,0.4588888888888889,0.05213941425177808,6
0.4,40,0.75,1.0,capability,0.5927777777777777,0.03434573670238606,6
0.4,40,0.75,1.0,failure,0.7683333333333334,0.04156654637779974,6
0.4,40,0.75,1.0,family,0.6505555555555556,0.077500298685207,6
0.4,40,0.75,1.0,global,0.4527777777777778,0.09036756219073466,6
0.4,40,1.0,0.25,capability,0.5738888888888889,0.026949884903210555,6
0.4,40,1.0,0.25,failure,0.5522222222222223,0.06039376960753,6
0.4,40,1.0,0.25,family,0.5466666666666666,0.04253103442063087,6
0.4,40,1.0,0.25,global,0.5255555555555556,0.04514995590826771,6
0.4,40,1.0,0.5,capability,0.6261111111111112,0.03843705773608857,6
0.4,40,1.0,0.5,failure,0.6516666666666667,0.05698927774395615,6
0.4,40,1.0,0.5,family,0.6033333333333334,0.03765338999051451,6
0.4,40,1.0,0.5,global,0.5361111111111111,0.029395136911980407,6
0.4,40,1.0,0.75,capability,0.6333333333333333,0.03699849846803093,6
0.4,40,1.0,0.75,failure,0.7022222222222222,0.06712067628670906,6
0.4,40,1.0,0.75,family,0.6394444444444445,0.05030646817995419,6
0.4,40,1.0,0.75,global,0.5144444444444445,0.023913424093003777,6
0.4,40,1.0,1.0,capability,0.6649999999999999,0.036316509866572894,6
0.4,40,1.0,1.0,failure,0.7794444444444445,0.08502069464852965,6
0.4,40,1.0,1.0,family,0.6866666666666666,0.06514940095230688,6
0.4,40,1.0,1.0,global,0.5055555555555555,0.04938135800601797,6
0.4,80,0.0,0.25,capability,0.6866666666666666,0.02547329756605707,6
0.4,80,0.0,0.25,failure,0.5944444444444444,0.03103164454170877,6
0.4,80,0.0,0.25,family,0.6027777777777777,0.01913886873083929,6
0.4,80,0.0,0.25,global,0.6211111111111111,0.025444201842608632,6
0.4,80,0.0,0.5,capability,0.7172222222222223,0.02661801116760076,6
0.4,80,0.0,0.5,failure,0.6572222222222223,0.03289151641155895,6
0.4,80,0.0,0.5,family,0.6733333333333333,0.02375803957494062,6
0.4,80,0.0,0.5,global,0.6033333333333334,0.04676180777800045,6
0.4,80,0.0,0.75,capability,0.7694444444444444,0.029919645472250934,6
0.4,80,0.0,0.75,failure,0.7422222222222222,0.011287488977066936,6
0.4,80,0.0,0.75,family,0.7561111111111112,0.01743771986453718,6
0.4,80,0.0,0.75,global,0.6361111111111112,0.06399363394264451,6
0.4,80,0.0,1.0,capability,0.7933333333333333,0.037535168694024665,6
0.4,80,0.0,1.0,failure,0.8155555555555556,0.010036968702787767,6
0.4,80,0.0,1.0,family,0.8166666666666668,0.016465452046971286,6
0.4,80,0.0,1.0,global,0.6161111111111112,0.06770579055054356,6
0.4,80,0.25,0.25,capability,0.6733333333333333,0.029589788028229525,6
0.4,80,0.25,0.25,failure,0.5822222222222222,0.028726036712104674,6
0.4,80,0.25,0.25,family,0.6138888888888888,0.03511357234692825,6
0.4,80,0.25,0.25,global,0.6583333333333333,0.024653149449467445,6
0.4,80,0.25,0.5,capability,0.6905555555555556,0.026618011167600743,6
0.4,80,0.25,0.5,failure,0.6555555555555556,0.03569417423157557,6
0.4,80,0.25,0.5,family,0.6822222222222223,0.024373634814571103,6
0.4,80,0.25,0.5,global,0.6516666666666667,0.03775652997238435,6
0.4,80,0.25,0.75,capability,0.7333333333333334,0.03155242550986462,6
0.4,80,0.25,0.75,failure,0.7466666666666666,0.015634719199411454,6
0.4,80,0.25,0.75,family,0.7561111111111112,0.023609477067639717,6
0.4,80,0.25,0.75,global,0.6699999999999999,0.0605896947600094,6
0.4,80,0.25,1.0,capability,0.7400000000000001,0.03559026084010444,6
0.4,80,0.25,1.0,failure,0.82,0.01115546702045436,6
0.4,80,0.25,1.0,family,0.8205555555555556,0.014363018356052332,6
0.4,80,0.25,1.0,global,0.6627777777777778,0.06409772631317365,6
0.4,80,0.5,0.25,capability,0.6977777777777777,0.0175962959065148,6
0.4,80,0.5,0.25,failure,0.6222222222222222,0.04261802783208411,6
0.4,80,0.5,0.25,family,0.6472222222222223,0.019369697601800233,6
0.4,80,0.5,0.25,global,0.6561111111111111,0.00928957998492378,6
0.4,80,0.5,0.5,capability,0.7177777777777777,0.03304318162422999,6
0.4,80,0.5,0.5,failure,0.6738888888888889,0.027114298537583223,6
0.4,80,0.5,0.5,family,0.686111111111111,0.025070271608391457,6
0.4,80,0.5,0.5,global,0.6222222222222222,0.047030329063827,6
0.4,80,0.5,0.75,capability,0.7727777777777778,0.03761894715678769,6
0.4,80,0.5,0.75,failure,0.7622222222222222,0.020294133434365955,6
0.4,80,0.5,0.75,family,0.7605555555555555,0.02636636465622793,6
0.4,80,0.5,0.75,global,0.6366666666666666,0.05955389715767278,6
0.4,80,0.5,1.0,capability,0.793888888888889,0.06691343218971366,6
0.4,80,0.5,1.0,failure,0.8283333333333333,0.012064640713902572,6
0.4,80,0.5,1.0,family,0.8105555555555556,0.025941529695894264,6
0.4,80,0.5,1.0,global,0.6061111111111112,0.06803321628821117,6
0.4,80,0.75,0.25,capability,0.7166666666666667,0.021602468994692897,6
0.4,80,0.75,0.25,failure,0.6344444444444445,0.02579118425325182,6
0.4,80,0.75,0.25,family,0.6622222222222222,0.020511965794158798,6
0.4,80,0.75,0.25,global,0.6983333333333333,0.03959517366773097,6
0.4,80,0.75,0.5,capability,0.7461111111111111,0.03094200070143182,6
0.4,80,0.75,0.5,failure,0.6872222222222222,0.030215276979749194,6
0.4,80,0.75,0.5,family,0.7111111111111111,0.012412657816683522,6
0.4,80,0.75,0.5,global,0.6883333333333334,0.04026302411780705,6
0.4,80,0.75,0.75,capability,0.785,0.03139355914125629,6
0.4,80,0.75,0.75,failure,0.7722222222222223,0.016420402846143278,6
0.4,80,0.75,0.75,family,0.7794444444444445,0.017051121392469806,6
0.4,80,0.75,0.75,global,0.7077777777777778,0.04707755618441016,6
0.4,80,0.75,1.0,capability,0.8016666666666667,0.03364850995545306,6
0.4,80,0.75,1.0,failure,0.8300000000000001,0.010749676997731387,6
0.4,80,0.75,1.0,family,0.8316666666666667,0.012952906151816978,6
0.4,80,0.75,1.0,global,0.6933333333333334,0.07438637868140466,6
0.4,80,1.0,0.25,capability,0.7377777777777778,0.036676766285827125,6
0.4,80,1.0,0.25,failure,0.6261111111111112,0.028080571905118284,6
0.4,80,1.0,0.25,family,0.6733333333333333,0.017256238807393028,6
0.4,80,1.0,0.25,global,0.7144444444444445,0.024464638123596245,6
0.4,80,1.0,0.5,capability,0.7538888888888889,0.0299196454722509,6
0.4,80,1.0,0.5,failure,0.6927777777777777,0.01625035612145392,6
0.4,80,1.0,0.5,family,0.7166666666666667,0.024944382578492946,6
0.4,80,1.0,0.5,global,0.7138888888888889,0.030798027834887703,6
0.4,80,1.0,0.75,capability,0.8027777777777777,0.017051121392469778,6
0.4,80,1.0,0.75,failure,0.7727777777777778,0.016521590812115034,6
0.4,80,1.0,0.75,family,0.7872222222222223,0.00998146430287808,6
0.4,80,1.0,0.75,global,0.7416666666666667,0.011303883305208729,6
0.4,80,1.0,1.0,capability,0.8233333333333334,0.036024682896283425,6
0.4,80,1.0,1.0,failure,0.8305555555555556,0.014363018356052332,6
0.4,80,1.0,1.0,family,0.8316666666666667,0.011879019787470281,6
0.4,80,1.0,1.0,global,0.721111111111111,0.025618280510141513,6
0.4,160,0.0,0.25,capability,0.7888888888888889,0.011088866622110827,6
0.4,160,0.0,0.25,failure,0.7011111111111111,0.028726036712104663,6
0.4,160,0.0,0.25,family,0.6855555555555556,0.03919561577901662,6
0.4,160,0.0,0.25,global,0.8244444444444444,0.006206328908341778,6
0.4,160,0.0,0.5,capability,0.8188888888888889,0.023538778092205066,6
0.4,160,0.0,0.5,failure,0.755,0.028421431663056284,6
0.4,160,0.0,0.5,family,0.7505555555555556,0.033626488676945454,6
0.4,160,0.0,0.5,global,0.8355555555555556,0.020073937405575483,6
0.4,160,0.0,0.75,capability,0.8355555555555556,0.02956474376811131,6
0.4,160,0.0,0.75,failure,0.7944444444444444,0.012590413754858051,6
0.4,160,0.0,0.75,family,0.7866666666666667,0.011737877907772662,6
0.4,160,0.0,0.75,global,0.8277777777777778,0.05153926945831011,6
0.4,160,0.0,1.0,capability,0.8488888888888889,0.018338383142913542,6
0.4,160,0.0,1.0,failure,0.835,0.025712081034235872,6
0.4,160,0.0,1.0,family,0.835,0.023261795096490553,6
0.4,160,0.0,1.0,global,0.8266666666666667,0.053249934793908965,6
0.4,160,0.25,0.25,capability,0.7944444444444444,0.025531389540169,6
0.4,160,0.25,0.25,failure,0.7183333333333334,0.028732482586013276,6
0.4,160,0.25,0.25,family,0.721111111111111,0.023913424093003743,6
0.4,160,0.25,0.25,global,0.8416666666666667,0.01410279720087079,6
0.4,160,0.25,0.5,capability,0.82,0.020000000000000007,6
0.4,160,0.25,0.5,failure,0.7644444444444445,0.03208784239598584,6
0.4,160,0.25,0.5,family,0.77,0.02319003617456814,6
0.4,160,0.25,0.5,global,0.8555555555555556,0.022277708506403777,6
0.4,160,0.25,0.75,capability,0.8416666666666667,0.01940790217067954,6
0.4,160,0.25,0.75,failure,0.7977777777777778,0.01148267616245671,6
0.4,160,0.25,0.75,family,0.8033333333333333,0.01738453974720705,6
0.4,160,0.25,0.75,global,0.8505555555555556,0.014207457613938265,6
0.4,160,0.25,1.0,capability,0.8505555555555556,0.01597451674340056,6
0.4,160,0.25,1.0,failure,0.8427777777777777,0.024713169378708606,6
0.4,160,0.25,1.0,family,0.8405555555555555,0.020700688841642896,6
0.4,160,0.25,1.0,global,0.8527777777777777,0.031227955187382743,6
0.4,160,0.5,0.25,capability,0.82,0.022607766610417548,6
0.4,160,0.5,0.25,failure,0.7383333333333333,0.030749887081996847,6
0.4,160,0.5,0.25,family,0.725,0.022484562605386733,6
0.4,160,0.5,0.25,global,0.8538888888888888,0.019254629073049995,6
0.4,160,0.5,0.5,capability,0.8333333333333334,0.02624669291337274,6
0.4,160,0.5,0.5,failure,0.79,0.029135697844549554,6
0.4,160,0.5,0.5,family,0.7716666666666666,0.03462497492979437,6
0.4,160,0.5,0.5,global,0.8622222222222223,0.024735639305501107,6
0.4,160,0.5,0.75,capability,0.8466666666666667,0.021081851067789214,6
0.4,160,0.5,0.75,failure,0.8188888888888889,0.016953094331342785,6
0.4,160,0.5,0.75,family,0.8083333333333332,0.018944362984510434,6
0.4,160,0.5,0.75,global,0.8588888888888889,0.02737936503335365,6
0.4,160,0.5,1.0,capability,0.8616666666666667,0.01669996673316716,6
0.4,160,0.5,1.0,failure,0.8488888888888889,0.02296535232491348,6
0.4,160,0.5,1.0,family,0.846111111111111,0.021438974547063356,6
0.4,160,0.5,1.0,global,0.8633333333333333,0.017256238807393055,6
0.4,160,0.75,0.25,capability,0.8188888888888889,0.015444044759016921,6
0.4,160,0.75,0.25,failure,0.7444444444444445,0.01833838314291359,6
0.4,160,0.75,0.25,family,0.7672222222222222,0.03193163994582224,6
0.4,160,0.75,0.25,global,0.8650000000000001,0.01362187782780167,6
0.4,160,0.75,0.5,capability,0.8377777777777777,0.02315807194686762,6
0.4,160,0.75,0.5,failure,0.7894444444444444,0.014516912231626279,6
0.4,160,0.75,0.5,family,0.7983333333333333,0.024832774042918882,6
0.4,160,0.75,0.5,global,0.8683333333333333,0.02041241452319313,6
0.4,160,0.75,0.75,capability,0.8488888888888889,0.02509242175696935,6
0.4,160,0.75,0.75,failure,0.8194444444444445,0.01982329344389983,6
0.4,160,0.75,0.75,family,0.8283333333333333,0.012064640713902567,6
0.4,160,0.75,0.75,global,0.8638888888888889,0.031861970830210466,6
0.4,160,0.75,1.0,capability,0.8616666666666667,0.015740958604156786,6
0.4,160,0.75,1.0,failure,0.8527777777777777,0.018549233786711347,6
0.4,160,0.75,1.0,family,0.855,0.02052099196216183,6
0.4,160,0.75,1.0,global,0.8672222222222222,0.014516912231626284,6
0.4,160,1.0,0.25,capability,0.8361111111111111,0.008004628290812348,6
0.4,160,1.0,0.25,failure,0.7638888888888888,0.03006782456504088,6
0.4,160,1.0,0.25,family,0.765,0.02518818064975008,6
0.4,160,1.0,0.25,global,0.8649999999999999,0.015018507101425084,6
0.4,160,1.0,0.5,capability,0.8566666666666666,0.019206480387850562,6
0.4,160,1.0,0.5,failure,0.8088888888888889,0.013770607453181974,6
0.4,160,1.0,0.5,family,0.811111111111111,0.01869838574930012,6
0.4,160,1.0,0.5,global,0.8605555555555555,0.03295900933426696,6
0.4,160,1.0,0.75,capability,0.8566666666666666,0.02319003617456811,6
0.4,160,1.0,0.75,failure,0.8305555555555556,0.01730981310209991,6
0.4,160,1.0,0.75,family,0.8277777777777778,0.014707015206910453,6
0.4,160,1.0,0.75,global,0.8555555555555556,0.032500712242907785,6
0.4,160,1.0,1.0,capability,0.8711111111111111,0.01784708711578777,6
0.4,160,1.0,1.0,failure,0.8577777777777778,0.018698385749300092,6
0.4,160,1.0,1.0,family,0.8594444444444443,0.020376093472135075,6
0.4,160,1.0,1.0,global,0.85,0.03546516287538769,6
