seed,level,support_entropy,coverage,state_repair,heldout,external,target_success,all_skill_gain
9101,global,0.6041820065169582,0.1450980392156863,0.3197800206103913,0.744,0.672,0.694,0.39800704148784005
9101,capability,0.48764557252115565,0.0784313725490196,0.5842372777133054,0.648,0.574,0.838,0.31533466345738814
9101,family,0.23997478679139989,0.027450980392156862,0.5461877066534897,0.532,0.438,0.822,0.17990644440792986
9101,failure,0.17815538629951197,0.03137254901960784,0.509664728768209,0.51,0.4,0.826,0.14492862940425502
9102,global,0.5942761947898086,0.1411764705882353,0.30594242667319943,0.744,0.692,0.704,0.3900691821926613
9102,capability,0.47462307392413816,0.07450980392156863,0.5832902388621124,0.648,0.624,0.874,0.29999992990459207
9102,family,0.23838595546864041,0.03137254901960784,0.6022501468043244,0.522,0.498,0.864,0.1766874776131998
9102,failure,0.1918477984409302,0.03137254901960784,0.6120969251827846,0.506,0.464,0.856,0.15528207160595087
9103,global,0.6198547249072519,0.14901960784313725,0.4068526920026644,0.728,0.696,0.728,0.39252250100371067
9103,capability,0.49943629711081927,0.09411764705882353,0.5965176830886312,0.622,0.604,0.854,0.3204913518070275
9103,family,0.26263357820646377,0.03529411764705882,0.6222617283486193,0.49,0.466,0.832,0.19326737121322085
9103,failure,0.2053248387296028,0.03137254901960784,0.6612661956191199,0.48,0.464,0.832,0.17536547256258395
9104,global,0.6100895481320702,0.13333333333333333,0.5154614518064804,0.736,0.722,0.85,0.4295629462234347
9104,capability,0.4959439536280877,0.09411764705882353,0.6170568016571141,0.622,0.614,0.854,0.3211346674296494
9104,family,0.24820514927194182,0.03137254901960784,0.5510418398594004,0.474,0.484,0.846,0.18655455450907402
9104,failure,0.18890058356072986,0.0392156862745098,0.6064663553263958,0.44,0.438,0.832,0.1636109173020335
9105,global,0.5687387551711813,0.12549019607843137,0.44142025696898723,0.7,0.69,0.75,0.38008835266609353
9105,capability,0.5061584835600941,0.09411764705882353,0.5262103283662725,0.634,0.618,0.824,0.34860819526421893
9105,family,0.2825513217591911,0.050980392156862744,0.5766554285822203,0.508,0.432,0.8,0.1752326046960598
9105,failure,0.18709325361282603,0.0392156862745098,0.6126111870812453,0.468,0.43,0.798,0.15075763766773634
9106,global,0.6140204514744245,0.14901960784313725,0.44498908012446053,0.728,0.72,0.758,0.428010880449979
9106,capability,0.4685976651898168,0.06666666666666667,0.6116826611586267,0.628,0.57,0.838,0.30557717847720195
9106,family,0.2697507842318749,0.043137254901960784,0.5897842689913224,0.476,0.446,0.812,0.18409957961615894
9106,failure,0.20341625731975962,0.03137254901960784,0.5421910663738837,0.484,0.424,0.806,0.15567040231735574
9107,global,0.5737282971899323,0.12941176470588237,0.36583723032246923,0.708,0.68,0.676,0.3881916280876776
9107,capability,0.4927988830599282,0.0784313725490196,0.6220400888377687,0.654,0.572,0.8,0.33129340400465684
9107,family,0.2302442955896449,0.027450980392156862,0.5889779449393866,0.546,0.404,0.824,0.1727962737074735
9107,failure,0.18020117028481736,0.03137254901960784,0.5213092939744288,0.51,0.386,0.828,0.1420299368438404
9108,global,0.5822590922342221,0.13725490196078433,0.4656957975786084,0.734,0.638,0.726,0.38342063864327613
9108,capability,0.4776350769562827,0.07058823529411765,0.6020328807957278,0.62,0.546,0.802,0.32161099514220554
9108,family,0.22284812411007923,0.027450980392156862,0.6344009109825846,0.53,0.436,0.798,0.1662080630035545
9108,failure,0.19039021527190994,0.03529411764705882,0.5792152631236522,0.512,0.402,0.79,0.15235784429868887
9109,global,0.5932306674611821,0.13725490196078433,0.46273993319090895,0.752,0.706,0.786,0.40616364349468753
9109,capability,0.488589848388023,0.0784313725490196,0.5682492679497906,0.612,0.63,0.842,0.31039448463155245
9109,family,0.23942023714929545,0.03137254901960784,0.5692085049276958,0.47,0.44,0.826,0.17060377971865504
9109,failure,0.15855824915117525,0.03137254901960784,0.6335163570929665,0.45,0.398,0.818,0.14108286748606413
9110,global,0.5851985171765915,0.13333333333333333,0.3259239570912046,0.738,0.682,0.64,0.39495782812448754
9110,capability,0.48304738782854906,0.0784313725490196,0.5278354151497349,0.608,0.578,0.758,0.31843636576516227
9110,family,0.27847803676978167,0.050980392156862744,0.5963439780143899,0.478,0.496,0.804,0.1943069202506841
9110,failure,0.23418626361695383,0.03137254901960784,0.5897468692840684,0.492,0.484,0.802,0.1819218725280784
9111,global,0.5642276567985565,0.12941176470588237,0.38137036950418485,0.664,0.67,0.652,0.3566931749731859
9111,capability,0.4725894822125608,0.07058823529411765,0.5871286963382046,0.616,0.624,0.834,0.32219543782621507
9111,family,0.2599740528758849,0.0392156862745098,0.6540081708038938,0.492,0.492,0.824,0.1894241518021637
9111,failure,0.1917108346843501,0.03529411764705882,0.5245283713712876,0.47,0.46,0.82,0.13939840324941322
9112,global,0.5955872770791297,0.13333333333333333,0.4070739883037751,0.754,0.688,0.73,0.4057673506360925
9112,capability,0.48661321011634817,0.08235294117647059,0.6339068260055649,0.636,0.574,0.836,0.34172613213647207
9112,family,0.24613941353768937,0.03529411764705882,0.6191644038889643,0.548,0.45,0.822,0.1736562852141097
9112,failure,0.21139559652610965,0.03137254901960784,0.6494921713042356,0.522,0.416,0.826,0.17668346944236454
9113,global,0.598492682768966,0.1450980392156863,0.31535893989536873,0.69,0.676,0.644,0.3898897592884829
9113,capability,0.461061192366333,0.07058823529411765,0.5542507113496098,0.616,0.598,0.796,0.29376558340849973
9113,family,0.20412820810834909,0.0196078431372549,0.6067097329120401,0.454,0.464,0.784,0.1763880372333077
9113,failure,0.21686762462107936,0.03137254901960784,0.5498102800002792,0.474,0.47,0.792,0.16279055164645523
9114,global,0.5805331905668643,0.13725490196078433,0.4521732972465005,0.698,0.656,0.76,0.37358464739117714
9114,capability,0.4703068349974748,0.06666666666666667,0.5694562770010267,0.64,0.564,0.832,0.3030495904371713
9114,family,0.2410469963130955,0.03137254901960784,0.5927147708715321,0.48,0.434,0.812,0.18056570144963896
9114,failure,0.19026529526318298,0.03529411764705882,0.5655011401299805,0.48,0.422,0.808,0.15693574850687958
9115,global,0.6252216305476541,0.1568627450980392,0.3613696364414633,0.742,0.7,0.692,0.41677834664090213
9115,capability,0.46830194758598115,0.0784313725490196,0.5919223333832001,0.668,0.624,0.842,0.3038798325057324
9115,family,0.29285245461718623,0.054901960784313725,0.5964472102419469,0.502,0.492,0.824,0.20019529733369285
9115,failure,0.2210569018189076,0.03137254901960784,0.5236919441139516,0.516,0.472,0.828,0.17152128783383752
9116,global,0.5545152040027548,0.12156862745098039,0.36716097947252285,0.698,0.666,0.684,0.3688642060653351
9116,capability,0.4591170940700679,0.06666666666666667,0.605339302562468,0.658,0.618,0.858,0.30504276507873423
9116,family,0.26314945904837356,0.0392156862745098,0.6107655662926621,0.514,0.526,0.84,0.19536406341240073
9116,failure,0.19949078517609,0.03137254901960784,0.636306201258226,0.496,0.492,0.842,0.16859516527090923
9117,global,0.5562264938093522,0.10980392156862745,0.4376157415294753,0.682,0.626,0.7,0.362037558813782
9117,capability,0.4694693629665483,0.07450980392156863,0.598445892912953,0.63,0.618,0.84,0.31166457936533143
9117,family,0.23768494398799325,0.03137254901960784,0.6413835795853837,0.486,0.468,0.818,0.17510562574896002
9117,failure,0.23009469564616244,0.03529411764705882,0.6697411046616983,0.512,0.478,0.82,0.17632015477882756
9118,global,0.58402272395923,0.13725490196078433,0.4850789182835747,0.728,0.69,0.796,0.40752706312528697
9118,capability,0.4757734915855636,0.07450980392156863,0.527130112021735,0.596,0.592,0.866,0.2976867338280777
9118,family,0.24503500032479764,0.03529411764705882,0.5943520761611745,0.502,0.454,0.848,0.18433827598509434
9118,failure,0.149137364708173,0.023529411764705882,0.6113902846865218,0.452,0.426,0.842,0.1450995714197637
9119,global,0.6030113526847095,0.1450980392156863,0.4289935589896163,0.738,0.702,0.76,0.3968867339476061
9119,capability,0.4822041752867537,0.08235294117647059,0.5127521820068657,0.586,0.566,0.796,0.28717817323814465
9119,family,0.2750720441055808,0.0392156862745098,0.541512015112112,0.46,0.446,0.776,0.1698248144722224
9119,failure,0.21716980655748505,0.03137254901960784,0.6259914437155814,0.468,0.43,0.79,0.17226150609614435
9120,global,0.556023784390217,0.12156862745098039,0.41396139069318344,0.688,0.636,0.762,0.3570567345114915
9120,capability,0.4743844133923823,0.06666666666666667,0.5796764752882422,0.622,0.572,0.848,0.3177456913831073
9120,family,0.2630574866500386,0.03529411764705882,0.564286851487823,0.506,0.428,0.832,0.18138914349769247
9120,failure,0.21228753047402527,0.03137254901960784,0.5683237006181786,0.466,0.416,0.824,0.16665549374169294
9121,global,0.5987438477342379,0.15294117647058825,0.3379516331334414,0.734,0.69,0.706,0.40765702759416844
9121,capability,0.5072437764391771,0.09411764705882353,0.5771798460099462,0.63,0.608,0.844,0.3183691500982605
9121,family,0.2492082199113786,0.03137254901960784,0.5863392600248258,0.486,0.488,0.838,0.1829820727623411
9121,failure,0.18648819179589365,0.03137254901960784,0.5984095715794004,0.474,0.454,0.836,0.15540928510881546
9122,global,0.5448174659320548,0.11372549019607843,0.3995347832091432,0.682,0.668,0.758,0.353012333698885
9122,capability,0.49059968125962505,0.08235294117647059,0.614520679907876,0.612,0.628,0.834,0.31496464886757924
9122,family,0.22989947977476655,0.027450980392156862,0.5529270038627827,0.466,0.47,0.82,0.160901038390697
9122,failure,0.2190600958428131,0.043137254901960784,0.5392916525061204,0.44,0.466,0.808,0.1633100252306377
9123,global,0.5462228629956861,0.11764705882352941,0.46020185439389705,0.718,0.716,0.778,0.3733424465633248
9123,capability,0.4445439306991909,0.058823529411764705,0.6231497497559138,0.628,0.56,0.836,0.32241352012901564
9123,family,0.29469577814067766,0.050980392156862744,0.5915683215635703,0.548,0.492,0.83,0.18086934017836573
9123,failure,0.20855357249813108,0.0392156862745098,0.6598272722138774,0.516,0.482,0.83,0.17790802909940107
9124,global,0.569363427149795,0.12941176470588237,0.26870364268247465,0.774,0.704,0.676,0.3874410138821292
9124,capability,0.4582244137350826,0.07058823529411765,0.5764900528753784,0.648,0.58,0.84,0.3026461245279938
9124,family,0.24881949681318474,0.03529411764705882,0.5695653583838309,0.512,0.456,0.824,0.17050094310030633
9124,failure,0.16338094555252755,0.03137254901960784,0.5858647391263855,0.51,0.44,0.826,0.14333247097451796
9125,global,0.6057281104677168,0.13725490196078433,0.35600761344146953,0.744,0.684,0.654,0.41063535510512844
9125,capability,0.4631726896898459,0.06274509803921569,0.6078076047331016,0.604,0.568,0.83,0.3095341567247836
9125,family,0.2579602558739984,0.0392156862745098,0.6159761182213928,0.5,0.432,0.81,0.1909902456003445
9125,failure,0.17020590709016448,0.03137254901960784,0.6148551978949595,0.496,0.424,0.808,0.1548996537117425
9126,global,0.5831999357251251,0.13725490196078433,0.40620289943351306,0.72,0.644,0.628,0.38942913364301446
9126,capability,0.48027466761429977,0.0784313725490196,0.5564041939263835,0.642,0.586,0.852,0.3102846594553003
9126,family,0.23650997577002458,0.03137254901960784,0.7032068922142549,0.458,0.422,0.822,0.19497023315053078
9126,failure,0.1626428114802181,0.03137254901960784,0.5307326004173423,0.488,0.428,0.832,0.14344545968861436
9127,global,0.601390134855075,0.14901960784313725,0.47438545776780144,0.712,0.7,0.762,0.40086286645357533
9127,capability,0.4749418531606878,0.07450980392156863,0.5511634239561499,0.598,0.612,0.832,0.31247869247869536
9127,family,0.22204955033330798,0.023529411764705882,0.6079302483732831,0.444,0.464,0.81,0.17380482316866258
9127,failure,0.20634260265734758,0.03529411764705882,0.5705510846626111,0.492,0.478,0.818,0.15728315299063078
9128,global,0.579019192364956,0.12941176470588237,0.34944069724548144,0.732,0.664,0.718,0.38002478580699456
9128,capability,0.48018033448142006,0.0784313725490196,0.5981074541348297,0.648,0.582,0.85,0.3329802160140672
9128,family,0.2510965337580047,0.03529411764705882,0.5638492708821925,0.508,0.452,0.852,0.17308047747797012
9128,failure,0.21905835829121997,0.03137254901960784,0.620788989344101,0.474,0.43,0.842,0.17547876014714744
9129,global,0.581826778969539,0.12549019607843137,0.424833361420497,0.736,0.69,0.804,0.3938962605751127
9129,capability,0.4819850567054244,0.06666666666666667,0.6341871253807632,0.672,0.614,0.822,0.32071014295989586
9129,family,0.27859334514757056,0.050980392156862744,0.5645269796705641,0.536,0.482,0.816,0.18415636332292168
9129,failure,0.18115724614594042,0.0392156862745098,0.6086216886025597,0.508,0.454,0.82,0.1564752601576551
9130,global,0.5719735156560564,0.12156862745098039,0.47711159754708427,0.702,0.65,0.792,0.3746092391100272
9130,capability,0.45759207071122543,0.06274509803921569,0.5633504583635744,0.634,0.602,0.84,0.30783834987577596
9130,family,0.2732343873534954,0.043137254901960784,0.6030486961601587,0.524,0.468,0.82,0.18729815150233636
9130,failure,0.20692350447790603,0.0392156862745098,0.6386028163234121,0.484,0.434,0.82,0.1698605326994267
9131,global,0.5953287933654395,0.13725490196078433,0.2493114370325702,0.724,0.666,0.548,0.39585850494930086
9131,capability,0.46332831856318235,0.06666666666666667,0.5375892133636968,0.64,0.618,0.846,0.31364753578461557
9131,family,0.2696869780256634,0.047058823529411764,0.6412263899595491,0.526,0.48,0.832,0.20195056771729974
9131,failure,0.23480209037569963,0.043137254901960784,0.5665198495193936,0.534,0.494,0.836,0.18012575616841464
9132,global,0.559780858181398,0.12549019607843137,0.3451057442599885,0.698,0.64,0.652,0.35807681725799256
9132,capability,0.4641687888204401,0.07450980392156863,0.5531707615309828,0.62,0.556,0.838,0.3205287445650242
9132,family,0.22775054952955587,0.027450980392156862,0.6196492336042179,0.526,0.444,0.824,0.17591132449648966
9132,failure,0.14972631649223211,0.03529411764705882,0.5359075105904679,0.438,0.368,0.816,0.1290930225801793
9133,global,0.5731762752360726,0.12941176470588237,0.4210029066119799,0.702,0.67,0.76,0.37526561784422885
9133,capability,0.46022046352623774,0.06274509803921569,0.5574107237462542,0.626,0.572,0.868,0.3194239272628823
9133,family,0.3185346977133513,0.050980392156862744,0.5877166738912587,0.5,0.466,0.856,0.20368751326246012
9133,failure,0.20848099440835596,0.0392156862745098,0.5674481635739165,0.482,0.41,0.844,0.16186716073274632
9134,global,0.5743590051403418,0.12941176470588237,0.32091460864613225,0.722,0.654,0.688,0.36590552134553667
9134,capability,0.4732425800621055,0.07450980392156863,0.6097907117920113,0.64,0.602,0.852,0.31365806032804344
9134,family,0.2620954283453172,0.0392156862745098,0.560553360815198,0.504,0.43,0.832,0.18757405031897645
9134,failure,0.21717154410907824,0.043137254901960784,0.5860850237694023,0.55,0.504,0.84,0.18263271922230154
9135,global,0.6099000036371148,0.1450980392156863,0.4133951077257601,0.776,0.698,0.724,0.4436134888357798
9135,capability,0.43801110633071916,0.06274509803921569,0.6463012722809549,0.62,0.55,0.836,0.32406659323702974
9135,family,0.23566531101071994,0.027450980392156862,0.6273569302077757,0.506,0.422,0.816,0.18449761883269822
9135,failure,0.1792245821751063,0.03137254901960784,0.6598221705606511,0.48,0.402,0.82,0.15631591743121098
9136,global,0.5840194980785222,0.12549019607843137,0.3230983466966528,0.76,0.68,0.74,0.3962188744185523
9136,capability,0.4763830074135593,0.08235294117647059,0.6492814210315718,0.654,0.544,0.84,0.32969685307389796
9136,family,0.2581279512554312,0.0392156862745098,0.5187023732027746,0.512,0.434,0.822,0.17229237074738077
9136,failure,0.21629311200920023,0.03137254901960784,0.5869442992610275,0.502,0.446,0.82,0.16875249215151042
9137,global,0.593259547328242,0.13333333333333333,0.4388164188209171,0.722,0.68,0.756,0.3815862133044502
9137,capability,0.48529740010472927,0.0784313725490196,0.5569137814274663,0.628,0.608,0.822,0.32899879832101364
9137,family,0.2590319597221994,0.0392156862745098,0.5593696035437612,0.494,0.416,0.802,0.17620786319213017
9137,failure,0.22152757972374512,0.0392156862745098,0.603400998145656,0.472,0.422,0.802,0.17734567113493066
9138,global,0.6061840922793678,0.1450980392156863,0.34704334201349524,0.722,0.67,0.744,0.4128698599409293
9138,capability,0.48301850796148926,0.08235294117647059,0.6005115099529368,0.66,0.622,0.85,0.3283415739578359
9138,family,0.27580217450154704,0.050980392156862744,0.533212496770221,0.484,0.452,0.81,0.18862902432285145
9138,failure,0.1867298795666975,0.0392156862745098,0.6559346633561203,0.46,0.428,0.814,0.16201856069452267
9139,global,0.594006325096066,0.1450980392156863,0.32195458715613423,0.688,0.648,0.686,0.38470321209849706
9139,capability,0.45674671261458877,0.06666666666666667,0.5340220765866188,0.628,0.596,0.854,0.30905552546634074
9139,family,0.2760915793504337,0.047058823529411764,0.5992843201061254,0.468,0.426,0.834,0.17903864408335435
9139,failure,0.233314565839681,0.03529411764705882,0.6315588438235051,0.464,0.434,0.836,0.18099429588730076
9140,global,0.5918644290337536,0.1450980392156863,0.4250432284609703,0.756,0.67,0.738,0.4121469685061995
9140,capability,0.4655656787820906,0.07450980392156863,0.5847635339211965,0.664,0.612,0.836,0.31678277001434907
9140,family,0.2707205435748913,0.0392156862745098,0.6085011416890826,0.556,0.464,0.812,0.19337765845995045
9140,failure,0.231190948418158,0.03529411764705882,0.4589663748296475,0.55,0.478,0.814,0.16743611643055517
9141,global,0.5866259477135627,0.12941176470588237,0.42260260689597284,0.722,0.642,0.706,0.3955854865063154
9141,capability,0.47326992848645133,0.06666666666666667,0.5761997702734534,0.618,0.552,0.82,0.30658354395006904
9141,family,0.27287819168772653,0.043137254901960784,0.6303274276922758,0.508,0.464,0.798,0.18973318180171406
9141,failure,0.21314286307256133,0.03137254901960784,0.5593670803727602,0.448,0.402,0.802,0.16804555170759689
9142,global,0.5591013126227995,0.13333333333333333,0.39378009130980074,0.706,0.652,0.772,0.37749269156782694
9142,capability,0.45077993052139537,0.058823529411764705,0.5643073412560835,0.6,0.574,0.838,0.29069053936716066
9142,family,0.26667994778743415,0.0392156862745098,0.5499093234034271,0.49,0.462,0.82,0.18404736692629758
9142,failure,0.2020200798098448,0.0392156862745098,0.544682604424284,0.49,0.426,0.822,0.15751302478882162
9143,global,0.6235915625276096,0.15294117647058825,0.4667846200860317,0.786,0.738,0.796,0.4270976204727702
9143,capability,0.48721503819987816,0.08235294117647059,0.623418366008902,0.65,0.588,0.828,0.3227592944378406
9143,family,0.23502752414627848,0.03137254901960784,0.5853070425193272,0.532,0.486,0.81,0.18091207022877495
9143,failure,0.1898423126269039,0.03137254901960784,0.5952346442859064,0.53,0.474,0.818,0.15445000264011188
9144,global,0.5893286439848051,0.1411764705882353,0.3336620280477368,0.718,0.642,0.722,0.3713531924975616
9144,capability,0.46423774639810544,0.06274509803921569,0.5504720508140868,0.56,0.534,0.826,0.31824563875103307
9144,family,0.2676371098007375,0.043137254901960784,0.5740733542410871,0.508,0.446,0.824,0.198200422340053
9144,failure,0.24452438860896683,0.043137254901960784,0.6017729427950698,0.468,0.406,0.816,0.18952426186836996
9145,global,0.5709532293232689,0.12549019607843137,0.3300929960618243,0.732,0.702,0.692,0.39111073202449065
9145,capability,0.5019781222607143,0.08627450980392157,0.6062990715187343,0.632,0.612,0.86,0.3251298893429551
9145,family,0.27624420482376966,0.043137254901960784,0.5953353243219435,0.502,0.44,0.836,0.17917004280193044
9145,failure,0.20001521943927178,0.03529411764705882,0.6017896153113902,0.506,0.474,0.832,0.16696848679399165
9146,global,0.5774093605153741,0.13333333333333333,0.520692780926189,0.69,0.65,0.832,0.37841229263654574
9146,capability,0.47100147734124254,0.07450980392156863,0.5825779540823486,0.646,0.552,0.852,0.32658551078542347
9146,family,0.2621083144917531,0.043137254901960784,0.5464442705133673,0.506,0.424,0.828,0.1818019787793122
9146,failure,0.19045552669048635,0.03137254901960784,0.6715464649760803,0.482,0.444,0.834,0.17271085412895815
9147,global,0.5750788165456914,0.12549019607843137,0.28138517583580375,0.764,0.702,0.648,0.40524551037901735
9147,capability,0.4786295153787965,0.0784313725490196,0.5984599090423721,0.664,0.566,0.832,0.3038457818969001
9147,family,0.27621844610359875,0.050980392156862744,0.5361785781412138,0.51,0.406,0.808,0.19277683544983248
9147,failure,0.21598629180012757,0.043137254901960784,0.5549526609458695,0.548,0.438,0.814,0.16738994618605013
9148,global,0.581108674572977,0.13333333333333333,0.46785344127960776,0.706,0.696,0.848,0.3981054784756602
9148,capability,0.46857572200984504,0.07058823529411765,0.60310907423667,0.622,0.586,0.852,0.3120551212658379
9148,family,0.2569936841246052,0.03529411764705882,0.5267199655584489,0.504,0.436,0.83,0.17565366193487156
9148,failure,0.2183589256706139,0.03137254901960784,0.6157149008076555,0.506,0.448,0.844,0.17112605305888076
9149,global,0.5641728827210574,0.13333333333333333,0.4639072836552723,0.676,0.662,0.806,0.3725305724436747
9149,capability,0.44865228989386735,0.06274509803921569,0.5636299995765472,0.594,0.564,0.79,0.3060782375955824
9149,family,0.261407049537694,0.043137254901960784,0.5509389174462695,0.51,0.466,0.822,0.18010089225273296
9149,failure,0.23812059933563318,0.0392156862745098,0.6099427648448206,0.502,0.446,0.818,0.18926805587612988
9150,global,0.5420369802504044,0.11372549019607843,0.39569510325166996,0.746,0.664,0.714,0.3844206245648274
9150,capability,0.49658000745868597,0.08235294117647059,0.6128753473707734,0.664,0.576,0.816,0.320901853828178
9150,family,0.28542373934417625,0.047058823529411764,0.5835237890333811,0.57,0.462,0.802,0.2016770745442063
9150,failure,0.18303399788523925,0.03529411764705882,0.5472394032579927,0.508,0.428,0.798,0.15372031514476303
9151,global,0.559993040076361,0.12549019607843137,0.4657365887616484,0.732,0.712,0.784,0.3998824963522758
9151,capability,0.44721024749577515,0.06274509803921569,0.5685105813861926,0.602,0.592,0.81,0.2884152908227336
9151,family,0.22635902611398798,0.023529411764705882,0.555358118548688,0.486,0.466,0.792,0.1697113727929489
9151,failure,0.213202926473833,0.03529411764705882,0.5996977164535293,0.486,0.452,0.794,0.16775857675411282
9152,global,0.5672101451077913,0.12156862745098039,0.3833506048530189,0.732,0.666,0.73,0.382667485846767
9152,capability,0.4483083232384294,0.058823529411764705,0.4969917727198201,0.64,0.584,0.794,0.31027455723779246
9152,family,0.27268463116524916,0.043137254901960784,0.5544227704136033,0.536,0.466,0.794,0.18855553618815565
9152,failure,0.2540374075887329,0.03529411764705882,0.5907201478054552,0.54,0.476,0.798,0.18928042365220887
9153,global,0.5689274750142522,0.12156862745098039,0.4526555414523101,0.71,0.682,0.74,0.3842084532032416
9153,capability,0.45897381758627787,0.06274509803921569,0.6199855427612041,0.592,0.556,0.834,0.31113995301437836
9153,family,0.2510965337580047,0.03529411764705882,0.615280519405107,0.494,0.494,0.822,0.19170203468696886
9153,failure,0.21464457870809514,0.03137254901960784,0.535743851615991,0.476,0.474,0.824,0.16191792009266598
9154,global,0.6001316009805033,0.13333333333333333,0.4717376773910974,0.74,0.706,0.78,0.41467259145281105
9154,capability,0.4816183222179498,0.0784313725490196,0.5782144489852583,0.644,0.616,0.826,0.325544118232395
9154,family,0.27430669290863113,0.047058823529411764,0.5959759389060391,0.5,0.476,0.802,0.18656007944155117
9154,failure,0.22366597147475342,0.043137254901960784,0.6608303646311005,0.488,0.454,0.804,0.17592591317951792
9155,global,0.5964468987836605,0.1450980392156863,0.28138301134340404,0.72,0.684,0.652,0.40089265356795584
9155,capability,0.4749103655693678,0.07450980392156863,0.5150240872238068,0.634,0.598,0.854,0.3163094350640793
9155,family,0.25756067075227973,0.03137254901960784,0.5928944596669671,0.516,0.478,0.846,0.18679453848283745
9155,failure,0.18389705196627562,0.03529411764705882,0.5885892124879473,0.468,0.422,0.832,0.15863148682589454
9156,global,0.5794028025820884,0.12549019607843137,0.41051445762716343,0.722,0.6,0.68,0.3942405434394703
9156,capability,0.4709489289277561,0.07058823529411765,0.5678473782966091,0.646,0.542,0.814,0.3208644142584204
9156,family,0.2648508354461321,0.03529411764705882,0.6454166748797443,0.498,0.386,0.792,0.19111411960710387
9156,failure,0.19878017994021796,0.0392156862745098,0.6045561323928503,0.472,0.366,0.798,0.17214657541441036
9157,global,0.5782924442730599,0.12156862745098039,0.40943544706888635,0.72,0.662,0.732,0.3999405969804444
9157,capability,0.45936777850825367,0.06274509803921569,0.6410602570026696,0.64,0.576,0.866,0.32183412989167887
9157,family,0.2675178388140159,0.043137254901960784,0.6237940976059518,0.51,0.422,0.834,0.19267909359291457
9157,failure,0.17275293468232242,0.027450980392156862,0.6527277120042698,0.502,0.41,0.834,0.16380659092267824
9158,global,0.5843774543096634,0.12941176470588237,0.3885001364110354,0.762,0.706,0.702,0.3927494853790604
9158,capability,0.4724892034008926,0.0784313725490196,0.6139163161141152,0.636,0.582,0.84,0.3138026860260992
9158,family,0.2631494590483736,0.0392156862745098,0.6093834369450626,0.532,0.478,0.814,0.1956996319788256
9158,failure,0.18160142796369674,0.03137254901960784,0.6480433114025226,0.484,0.432,0.812,0.15678273114153418
9159,global,0.5982751549947165,0.13725490196078433,0.4114463250757606,0.762,0.704,0.766,0.40795669462235273
9159,capability,0.4681974576727209,0.06666666666666667,0.5509214853556759,0.66,0.602,0.858,0.2964449179543892
9159,family,0.2815019843865856,0.047058823529411764,0.6003863031745782,0.508,0.47,0.838,0.1905141043351597
9159,failure,0.19840538758987006,0.03529411764705882,0.6102541154387189,0.486,0.444,0.828,0.16963667226950943
9160,global,0.5728941229757752,0.12941176470588237,0.4158334813122925,0.664,0.584,0.722,0.3695447714667369
9160,capability,0.49737912714582266,0.08627450980392157,0.6152066146326811,0.66,0.598,0.844,0.3207583454652887
9160,family,0.2417805074866036,0.03137254901960784,0.6034973810410879,0.5,0.42,0.82,0.17881605609184892
9160,failure,0.22426803168005172,0.0392156862745098,0.5965010086851598,0.52,0.418,0.83,0.17377459804777098
9161,global,0.586347227829049,0.13333333333333333,0.38343672999633194,0.716,0.676,0.79,0.38960318668217747
9161,capability,0.47743757885760024,0.07450980392156863,0.5770839196238857,0.634,0.582,0.866,0.3228079466868645
9161,family,0.2726262939779565,0.047058823529411764,0.5246853661465057,0.482,0.432,0.848,0.18307750890921437
9161,failure,0.1744919792746096,0.03529411764705882,0.6676511713042464,0.418,0.358,0.84,0.1549639087888333
9162,global,0.5656386656014574,0.12549019607843137,0.302256256606678,0.71,0.624,0.574,0.36594177313190135
9162,capability,0.44986713811705825,0.058823529411764705,0.5717989317298398,0.626,0.566,0.824,0.30854494847241165
9162,family,0.24363764774055252,0.03137254901960784,0.662953791871279,0.504,0.462,0.798,0.19053718112878007
9162,failure,0.20405836463446006,0.0392156862745098,0.5879726972819798,0.53,0.44,0.81,0.16468389513171763
9163,global,0.6189951032025407,0.1411764705882353,0.3525680145740716,0.768,0.698,0.706,0.40169370200638976
9163,capability,0.49705945132258994,0.08627450980392157,0.5557335365488614,0.688,0.618,0.84,0.32243645461730797
9163,family,0.276711532522881,0.043137254901960784,0.5873943177957249,0.526,0.472,0.822,0.18994860298829772
9163,failure,0.19934966345673752,0.03529411764705882,0.6092305871742097,0.506,0.438,0.812,0.1620690864617329
9164,global,0.5819985010927465,0.1411764705882353,0.39313130724995954,0.716,0.658,0.744,0.4029559172022522
9164,capability,0.4871719622629414,0.07450980392156863,0.608585019905914,0.622,0.586,0.816,0.3248212088559782
9164,family,0.2629686010197185,0.0392156862745098,0.548295554773734,0.464,0.454,0.784,0.17579026584111976
9164,failure,0.22281543208222054,0.0392156862745098,0.6174677362569404,0.468,0.418,0.794,0.17917260022326628
9165,global,0.5830261061735912,0.13333333333333333,0.31950809250165185,0.688,0.654,0.628,0.37839836349656686
9165,capability,0.5031011914981546,0.08627450980392157,0.6521089805879787,0.638,0.63,0.842,0.3224265315564411
9165,family,0.2385607500037791,0.03137254901960784,0.6257976003388115,0.476,0.452,0.828,0.18013543171142646
9165,failure,0.16893056942001203,0.03137254901960784,0.6419852376838235,0.45,0.448,0.826,0.15541979020406982
9166,global,0.5946195391600094,0.13725490196078433,0.3651210753208397,0.736,0.698,0.658,0.3952766060178841
9166,capability,0.4837129438112637,0.07450980392156863,0.6087278302870682,0.664,0.596,0.844,0.3282769731317321
9166,family,0.2739906497280389,0.0392156862745098,0.6033782274107964,0.508,0.472,0.824,0.1866008822639587
9166,failure,0.1507229342782318,0.03137254901960784,0.6515816182029431,0.462,0.414,0.82,0.14688723978383686
9167,global,0.5761682485919286,0.12941176470588237,0.3441918209150655,0.734,0.672,0.622,0.3868121415719689
9167,capability,0.4858709831772305,0.08627450980392157,0.5132237721216368,0.644,0.6,0.81,0.3091822313555553
9167,family,0.255363994835147,0.03529411764705882,0.6405655492899889,0.522,0.48,0.794,0.18910978755064664
9167,failure,0.19894602356367738,0.03529411764705882,0.5878082200286254,0.49,0.428,0.78,0.1658450331382903
9168,global,0.5243294634362208,0.10588235294117647,0.4376556348588873,0.678,0.66,0.734,0.35023718614091337
9168,capability,0.480559923767084,0.07450980392156863,0.5817306490410601,0.638,0.618,0.814,0.31363629831701795
9168,family,0.2743860075630077,0.0392156862745098,0.5832108292131877,0.476,0.488,0.808,0.1888304055440048
9168,failure,0.21228753047402527,0.03137254901960784,0.6085981063780835,0.47,0.482,0.8,0.1775519571250593
9169,global,0.5616030784208388,0.11764705882352941,0.3531657762690198,0.704,0.656,0.704,0.3897640180519443
9169,capability,0.4450050518961351,0.058823529411764705,0.5817325361872326,0.628,0.546,0.844,0.3063323567047719
9169,family,0.25151494097806204,0.03529411764705882,0.5575729962826014,0.5,0.452,0.814,0.1811232919397483
9169,failure,0.20239206522768172,0.0392156862745098,0.5559344252975348,0.478,0.428,0.814,0.16340384403743152
9170,global,0.61346492520908,0.1568627450980392,0.45518839211047957,0.738,0.652,0.746,0.40072696286062004
9170,capability,0.450035931914394,0.06666666666666667,0.5582828715635454,0.61,0.6,0.842,0.3092467378529935
9170,family,0.26678429208487936,0.047058823529411764,0.5996627752101988,0.486,0.426,0.82,0.19100043647131604
9170,failure,0.17027549129545227,0.03137254901960784,0.5711224102690162,0.476,0.412,0.814,0.1304145896084141
9171,global,0.5724060354161763,0.11764705882352941,0.294026975875012,0.718,0.64,0.612,0.3769021789622332
9171,capability,0.4788580727073029,0.07450980392156863,0.5792359578452569,0.64,0.588,0.854,0.32763559375191786
9171,family,0.22052175407676422,0.023529411764705882,0.632960217053453,0.512,0.46,0.836,0.17427658521434344
9171,failure,0.17971287622996185,0.03137254901960784,0.5807434977041332,0.486,0.412,0.83,0.14551488615863667
9172,global,0.5817923592989102,0.12549019607843137,0.36987230025604634,0.748,0.68,0.66,0.390947558746377
9172,capability,0.4807969809211472,0.07450980392156863,0.5714468183365463,0.668,0.618,0.834,0.3027444473484572
9172,family,0.23929639871648442,0.027450980392156862,0.6169588147036499,0.522,0.446,0.814,0.1824495758288715
9172,failure,0.20314640101079712,0.03137254901960784,0.6665020372265762,0.51,0.424,0.814,0.1689978394686313
9173,global,0.5644245200412085,0.12156862745098039,0.4221106354359982,0.746,0.69,0.716,0.3920262638970434
9173,capability,0.4851778259758302,0.07450980392156863,0.5651366197609964,0.642,0.612,0.832,0.3245408974786507
9173,family,0.26382093071463125,0.0392156862745098,0.6283181681155621,0.522,0.496,0.824,0.18118521622628322
9173,failure,0.2457402729763064,0.03529411764705882,0.6159636428110995,0.518,0.494,0.83,0.18989651878989078
9174,global,0.5752912049351889,0.12941176470588237,0.40714926239378435,0.702,0.66,0.742,0.39388515241054545
9174,capability,0.4700283216074958,0.07450980392156863,0.5852104740794473,0.644,0.602,0.828,0.31902965740715244
9174,family,0.26259044731161674,0.043137254901960784,0.5867366490131372,0.498,0.444,0.806,0.18725226030253175
9174,failure,0.22510605931396788,0.03529411764705882,0.5215950179031426,0.526,0.456,0.81,0.16858732066408333
9175,global,0.5924925333888729,0.13725490196078433,0.4981600460426944,0.716,0.67,0.744,0.38111362707457946
9175,capability,0.45676503528136814,0.07450980392156863,0.6035753021946865,0.63,0.572,0.826,0.3238677936819498
9175,family,0.23548467934605719,0.027450980392156862,0.6374496538427146,0.51,0.46,0.814,0.16620928977938632
9175,failure,0.1590142309631872,0.03137254901960784,0.5318758206595451,0.436,0.426,0.808,0.14068824581849457
9176,global,0.597879468705564,0.1411764705882353,0.5917308093620146,0.782,0.656,0.824,0.42728103553818253
9176,capability,0.46480032555116274,0.07450980392156863,0.5426286553992016,0.644,0.616,0.828,0.31882344238386723
9176,family,0.24327014355928384,0.03137254901960784,0.6230420840666139,0.496,0.462,0.814,0.18099146241162678
9176,failure,0.20090715338718745,0.03529411764705882,0.6574479423052655,0.498,0.412,0.818,0.1718579595368713
9177,global,0.5787117991080979,0.13725490196078433,0.41528899657994867,0.736,0.692,0.764,0.3995662107209039
9177,capability,0.4505352298886933,0.06274509803921569,0.582012722312168,0.62,0.596,0.84,0.31756570594071637
9177,family,0.2579686031342522,0.0392156862745098,0.588422343688385,0.496,0.486,0.824,0.17946317654802824
9177,failure,0.1827599978714114,0.03137254901960784,0.5892662070630192,0.478,0.456,0.818,0.15636497767898758
9178,global,0.5904990913226997,0.13333333333333333,0.3677578734671346,0.73,0.656,0.734,0.3880032418609873
9178,capability,0.45682294934425155,0.06274509803921569,0.5597525135105934,0.638,0.552,0.854,0.29533097497696875
9178,family,0.2790603844859924,0.043137254901960784,0.6146941032473974,0.512,0.444,0.844,0.1922875053373689
9178,failure,0.222940352091128,0.03529411764705882,0.5384519443116025,0.518,0.46,0.852,0.164178067797888
9179,global,0.5802275043193349,0.13725490196078433,0.2983167547176926,0.736,0.63,0.592,0.38380026179878146
9179,capability,0.4788781023834112,0.07450980392156863,0.5697714874464946,0.642,0.568,0.828,0.30494326677340433
9179,family,0.2510965337580048,0.03529411764705882,0.6608752762641819,0.524,0.476,0.826,0.18411462705693807
9179,failure,0.21603575407425488,0.0392156862745098,0.5136242974064209,0.522,0.474,0.834,0.16790031307245692
9180,global,0.5828882093771909,0.13725490196078433,0.5466170313372455,0.778,0.73,0.82,0.4147744486227385
9180,capability,0.47166373550736823,0.07450980392156863,0.6657237132092725,0.658,0.636,0.82,0.320644925248071
9180,family,0.25456364783973295,0.0392156862745098,0.6140600967396436,0.528,0.498,0.804,0.1881959259536236
9180,failure,0.20448545319535405,0.03137254901960784,0.6114345061604779,0.522,0.482,0.81,0.16475086558977942
9181,global,0.6041617703461349,0.1450980392156863,0.5685079283958702,0.7,0.666,0.856,0.4146090623539086
9181,capability,0.4933740549055309,0.08627450980392157,0.5761509933976234,0.604,0.632,0.84,0.3242613761022681
9181,family,0.26747887591619374,0.047058823529411764,0.5685079283958702,0.456,0.432,0.81,0.18824971895686
9181,failure,0.2033525428053552,0.03137254901960784,0.6517007046241392,0.464,0.43,0.826,0.17375726983549022
9182,global,0.5624329914783573,0.12549019607843137,0.36381710240781695,0.69,0.626,0.754,0.3538332983727622
9182,capability,0.4540702250760163,0.06274509803921569,0.5635104476554555,0.636,0.552,0.854,0.29050758725833753
9182,family,0.23882515947820906,0.027450980392156862,0.5442506560460808,0.534,0.444,0.844,0.17990672831332455
9182,failure,0.2397506673558582,0.0392156862745098,0.5170963908235309,0.53,0.406,0.836,0.1765785626661316
9183,global,0.6130238336886052,0.14901960784313725,0.3486503227356679,0.744,0.72,0.704,0.41296654508971864
9183,capability,0.46934958234293395,0.07058823529411765,0.6441319702707407,0.668,0.608,0.836,0.3180499397986971
9183,family,0.2535284937027681,0.0392156862745098,0.5847578948634744,0.508,0.46,0.812,0.1828026527947698
9183,failure,0.24948849657671643,0.0392156862745098,0.5894597352094277,0.524,0.482,0.814,0.1851228596933444
9184,global,0.6064862742161344,0.13725490196078433,0.4450965299786478,0.768,0.702,0.786,0.3995775992879723
9184,capability,0.48214299574800457,0.07450980392156863,0.5444841817320561,0.642,0.564,0.856,0.3144970591313784
9184,family,0.25710478289747934,0.03529411764705882,0.590675562636574,0.528,0.448,0.838,0.18130835261655237
9184,failure,0.2084809944083559,0.0392156862745098,0.5802161305930692,0.522,0.43,0.842,0.17070906513069078
9185,global,0.5946919107550693,0.13725490196078433,0.4999486546003634,0.696,0.63,0.804,0.3902290889728251
9185,capability,0.47287603949909374,0.0784313725490196,0.5944956234174812,0.654,0.578,0.822,0.30722417884961767
9185,family,0.2571739179187821,0.0392156862745098,0.5404014647773137,0.476,0.408,0.794,0.1755328042277333
9185,failure,0.19439847378123506,0.03137254901960784,0.6171639808842788,0.494,0.434,0.802,0.16669073644862903
9186,global,0.5892237536521863,0.1411764705882353,0.44872577287604076,0.738,0.68,0.738,0.3963730154979886
9186,capability,0.49896803273225265,0.09019607843137255,0.5631038756023168,0.648,0.602,0.844,0.32183669335840154
9186,family,0.2352362635681978,0.027450980392156862,0.6434646675733239,0.502,0.44,0.824,0.17844968478908535
9186,failure,0.21973276446434478,0.03529411764705882,0.5882866557921145,0.518,0.446,0.826,0.17699826255465342
9187,global,0.5660457378706625,0.12156862745098039,0.467874801899308,0.66,0.694,0.834,0.378442979193831
9187,capability,0.45262949505512945,0.07058823529411765,0.5661958710102073,0.584,0.596,0.85,0.30910524870672834
9187,family,0.2615210807733535,0.043137254901960784,0.5056743272228121,0.464,0.462,0.842,0.1773739974281374
9187,failure,0.17703384850496573,0.03137254901960784,0.5448101910750667,0.438,0.406,0.834,0.1536524288985176
9188,global,0.575471899239193,0.12156862745098039,0.40578373067038215,0.778,0.72,0.784,0.40662603881285164
9188,capability,0.49623645659395055,0.08235294117647059,0.6169497431218273,0.68,0.616,0.864,0.3301210249494239
9188,family,0.271214914509325,0.043137254901960784,0.5870504266217884,0.542,0.502,0.85,0.1884542589243951
9188,failure,0.16900015362529983,0.03137254901960784,0.5765011053795581,0.47,0.46,0.836,0.14158569929260464
9189,global,0.5560613079531523,0.12156862745098039,0.35152444409910183,0.696,0.672,0.642,0.3666462094178784
9189,capability,0.47446233736162435,0.07058823529411765,0.5811883701288935,0.638,0.584,0.83,0.32094710899687146
9189,family,0.25806330160439345,0.043137254901960784,0.6317990022759721,0.512,0.456,0.814,0.18639782750949335
9189,failure,0.19858264951772928,0.03137254901960784,0.6638548911960106,0.518,0.454,0.822,0.17096002161995327
9190,global,0.6052889324500226,0.14901960784313725,0.32061954788032576,0.674,0.674,0.566,0.392075447640013
9190,capability,0.48475119198735134,0.08235294117647059,0.6173194756165705,0.634,0.606,0.794,0.3256171995351112
9190,family,0.29678684813288747,0.047058823529411764,0.6619336472217728,0.484,0.458,0.776,0.20255095149774854
9190,failure,0.24057002321399873,0.0392156862745098,0.6080222287934995,0.496,0.45,0.778,0.19290562789670185
9191,global,0.5911646473052339,0.13333333333333333,0.39774769169787494,0.772,0.756,0.72,0.43540790544800995
9191,capability,0.4843660416608083,0.0784313725490196,0.6102554658568808,0.658,0.578,0.816,0.30332123651300175
9191,family,0.27560944653057007,0.047058823529411764,0.6098709834840483,0.524,0.484,0.802,0.18595048900797262
9191,failure,0.22235945027038911,0.03529411764705882,0.6099094646731047,0.53,0.508,0.804,0.18095983544399752
9192,global,0.56375545974737,0.12549019607843137,0.28483023110144173,0.738,0.64,0.654,0.353795226059457
9192,capability,0.47846925117043987,0.07058823529411765,0.6227846962020058,0.598,0.534,0.796,0.31660257139016934
9192,family,0.25962398525105534,0.043137254901960784,0.5015082597485778,0.472,0.436,0.79,0.1731694883703651
9192,failure,0.21393164423963193,0.0392156862745098,0.5698582463268331,0.484,0.408,0.784,0.16537556595345784
9193,global,0.5747591407224586,0.12549019607843137,0.27767448759152935,0.732,0.654,0.716,0.3772862856070495
9193,capability,0.4870310798099208,0.08235294117647059,0.6340139025313326,0.664,0.582,0.834,0.3261653759051212
9193,family,0.2720056726940531,0.043137254901960784,0.523462332457472,0.54,0.436,0.832,0.18033071359283612
9193,failure,0.2010594412072775,0.03137254901960784,0.6430064915933608,0.52,0.398,0.832,0.16931867679220552
9194,global,0.5724185398487902,0.13725490196078433,0.4463019913173646,0.684,0.67,0.8,0.3833785253457356
9194,capability,0.4936483296256894,0.08627450980392157,0.5694592663357165,0.662,0.582,0.856,0.32824330415926484
9194,family,0.26946431691271394,0.0392156862745098,0.5705060020983622,0.528,0.432,0.84,0.1848768943926097
9194,failure,0.19265511055103704,0.0392156862745098,0.48703322281184314,0.504,0.436,0.842,0.14590005045635984
9195,global,0.541215899025448,0.10980392156862745,0.38826798749659763,0.73,0.712,0.708,0.366276485197343
9195,capability,0.4901830645792525,0.0784313725490196,0.5914701663995148,0.644,0.588,0.842,0.318596931431086
9195,family,0.2618492667927899,0.0392156862745098,0.5945832546898216,0.5,0.47,0.826,0.18282587944678458
9195,failure,0.19246899843294824,0.03137254901960784,0.5801167872025809,0.452,0.432,0.812,0.15024017950180402
9196,global,0.5636828816570534,0.13725490196078433,0.36056001135880555,0.702,0.646,0.718,0.3608031216783964
9196,capability,0.4748384942709633,0.07450980392156863,0.5269278493247591,0.614,0.624,0.85,0.3076662322199647
9196,family,0.258098073177269,0.0392156862745098,0.575297777230979,0.508,0.494,0.838,0.1853238824352539
9196,failure,0.22468226881202522,0.03529411764705882,0.6217533389835455,0.514,0.498,0.846,0.1871590765779122
9197,global,0.5954825932410457,0.13725490196078433,0.40019549899469437,0.744,0.632,0.678,0.4029338903278593
9197,capability,0.5013791042675502,0.08627450980392157,0.66793013429111,0.638,0.526,0.818,0.3393925879342097
9197,family,0.2728539543144121,0.043137254901960784,0.6108531802019312,0.49,0.388,0.8,0.18727551153178595
9197,failure,0.21655833004567626,0.0392156862745098,0.5961567345424821,0.538,0.406,0.808,0.17462331217443577
9198,global,0.558804270071687,0.12549019607843137,0.4836355784884985,0.738,0.692,0.802,0.3857379359052861
9198,capability,0.4639866277328188,0.07058823529411765,0.5884461461279913,0.632,0.602,0.834,0.3206760043919449
9198,family,0.23809422503110356,0.03137254901960784,0.5868558081882663,0.49,0.462,0.82,0.17034527173564515
9198,failure,0.17577854051074107,0.03529411764705882,0.6069698798635081,0.484,0.444,0.822,0.15752066448335156
9199,global,0.585580213889319,0.1450980392156863,0.32738103327347867,0.772,0.702,0.618,0.40520643623463337
9199,capability,0.48052157142347474,0.08235294117647059,0.521723529064851,0.682,0.608,0.828,0.3004290411186472
9199,family,0.23949053021069192,0.03529411764705882,0.6204451465583607,0.51,0.45,0.812,0.18800892321646015
9199,failure,0.2224117921893409,0.03529411764705882,0.5922045460773074,0.536,0.46,0.822,0.18089774464953917
9200,global,0.581134328558607,0.13333333333333333,0.30974833173567057,0.71,0.666,0.68,0.3797492726311279
9200,capability,0.5031505014594179,0.09803921568627451,0.5306899977610978,0.648,0.618,0.814,0.32326217694756554
9200,family,0.2707959023571682,0.03529411764705882,0.6016737687174998,0.504,0.484,0.838,0.1918587344336347
9200,failure,0.15429389595096313,0.03529411764705882,0.5927155767803266,0.424,0.398,0.832,0.13943874558673147
